,党派,残疾人婴幼儿法案,水项目费用分摊,预算决议案,医生费用冻结议案,萨尔瓦多援助,校园宗教团体决议,反卫星禁试决议,援助尼加拉瓜反政府,MX导弹议案,移民决议案,合成燃料公司削减决议,教育支出决议,超级基金起诉权,犯罪决议案,免税出口决议案,南非出口管理决议案
0,党派:republican,残疾人婴幼儿法案:n,水项目费用分摊:y,预算决议案:n,医生费用冻结议案:y,萨尔瓦多援助:y,校园宗教团体决议:y,反卫星禁试决议:n,援助尼加拉瓜反政府:n,MX导弹议案:n,移民决议案:y,合成燃料公司削减决议:?,教育支出决议:y,超级基金起诉权:y,犯罪决议案:y,免税出口决议案:n,南非出口管理决议案:y
1,党派:republican,残疾人婴幼儿法案:n,水项目费用分摊:y,预算决议案:n,医生费用冻结议案:y,萨尔瓦多援助:y,校园宗教团体决议:y,反卫星禁试决议:n,援助尼加拉瓜反政府:n,MX导弹议案:n,移民决议案:n,合成燃料公司削减决议:n,教育支出决议:y,超级基金起诉权:y,犯罪决议案:y,免税出口决议案:n,南非出口管理决议案:?
2,党派:democrat,残疾人婴幼儿法案:?,水项目费用分摊:y,预算决议案:y,医生费用冻结议案:?,萨尔瓦多援助:y,校园宗教团体决议:y,反卫星禁试决议:n,援助尼加拉瓜反政府:n,MX导弹议案:n,移民决议案:n,合成燃料公司削减决议:y,教育支出决议:n,超级基金起诉权:y,犯罪决议案:y,免税出口决议案:n,南非出口管理决议案:n
3,党派:democrat,残疾人婴幼儿法案:n,水项目费用分摊:y,预算决议案:y,医生费用冻结议案:n,萨尔瓦多援助:?,校园宗教团体决议:y,反卫星禁试决议:n,援助尼加拉瓜反政府:n,MX导弹议案:n,移民决议案:n,合成燃料公司削减决议:y,教育支出决议:n,超级基金起诉权:y,犯罪决议案:n,免税出口决议案:n,南非出口管理决议案:y
4,党派:democrat,残疾人婴幼儿法案:y,水项目费用分摊:y,预算决议案:y,医生费用冻结议案:n,萨尔瓦多援助:y,校园宗教团体决议:y,反卫星禁试决议:n,援助尼加拉瓜反政府:n,MX导弹议案:n,移民决议案:n,合成燃料公司削减决议:y,教育支出决议:?,超级基金起诉权:y,犯罪决议案:y,免税出口决议案:y,南非出口管理决议案:y
5,党派:democrat,残疾人婴幼儿法案:n,水项目费用分摊:y,预算决议案:y,医生费用冻结议案:n,萨尔瓦多援助:y,校园宗教团体决议:y,反卫星禁试决议:n,援助尼加拉瓜反政府:n,MX导弹议案:n,移民决议案:n,合成燃料公司削减决议:n,教育支出决议:n,超级基金起诉权:y,犯罪决议案:y,免税出口决议案:y,南非出口管理决议案:y
6,党派:democrat,残疾人婴幼儿法案:n,水项目费用分摊:y,预算决议案:n,医生费用冻结议案:y,萨尔瓦多援助:y,校园宗教团体决议:y,反卫星禁试决议:n,援助尼加拉瓜反政府:n,MX导弹议案:n,移民决议案:n,合成燃料公司削减决议:n,教育支出决议:n,超级基金起诉权:?,犯罪决议案:y,免税出口决议案:y,南非出口管理决议案:y
7,党派:republican,残疾人婴幼儿法案:n,水项目费用分摊:y,预算决议案:n,医生费用冻结议案:y,萨尔瓦多援助:y,校园宗教团体决议:y,反卫星禁试决议:n,援助尼加拉瓜反政府:n,MX导弹议案:n,移民决议案:n,合成燃料公司削减决议:n,教育支出决议:n,超级基金起诉权:y,犯罪决议案:y,免税出口决议案:?,南非出口管理决议案:y
8,党派:republican,残疾人婴幼儿法案:n,水项目费用分摊:y,预算决议案:n,医生费用冻结议案:y,萨尔瓦多援助:y,校园宗教团体决议:y,反卫星禁试决议:n,援助尼加拉瓜反政府:n,MX导弹议案:n,移民决议案:n,合成燃料公司削减决议:n,教育支出决议:y,超级基金起诉权:y,犯罪决议案:y,免税出口决议案:n,南非出口管理决议案:y
9,党派:democrat,残疾人婴幼儿法案:y,水项目费用分摊:y,预算决议案:y,医生费用冻结议案:n,萨尔瓦多援助:n,校园宗教团体决议:n,反卫星禁试决议:y,援助尼加拉瓜反政府:y,MX导弹议案:y,移民决议案:n,合成燃料公司削减决议:n,教育支出决议:n,超级基金起诉权:n,犯罪决议案:n,免税出口决议案:?,南非出口管理决议案:?
10,党派:republican,残疾人婴幼儿法案:n,水项目费用分摊:y,预算决议案:n,医生费用冻结议案:y,萨尔瓦多援助:y,校园宗教团体决议:n,反卫星禁试决议:n,援助尼加拉瓜反政府:n,MX导弹议案:n,移民决议案:n,合成燃料公司削减决议:?,教育支出决议:?,超级基金起诉权:y,犯罪决议案:y,免税出口决议案:n,南非出口管理决议案:n
11,党派:republican,残疾人婴幼儿法案:n,水项目费用分摊:y,预算决议案:n,医生费用冻结议案:y,萨尔瓦多援助:y,校园宗教团体决议:y,反卫星禁试决议:n,援助尼加拉瓜反政府:n,MX导弹议案:n,移民决议案:n,合成燃料公司削减决议:y,教育支出决议:?,超级基金起诉权:y,犯罪决议案:y,免税出口决议案:?,南非出口管理决议案:?
12,党派:democrat,残疾人婴幼儿法案:n,水项目费用分摊:y,预算决议案:y,医生费用冻结议案:n,萨尔瓦多援助:n,校园宗教团体决议:n,反卫星禁试决议:y,援助尼加拉瓜反政府:y,MX导弹议案:y,移民决议案:n,合成燃料公司削减决议:n,教育支出决议:n,超级基金起诉权:y,犯罪决议案:n,免税出口决议案:?,南非出口管理决议案:?
13,党派:democrat,残疾人婴幼儿法案:y,水项目费用分摊:y,预算决议案:y,医生费用冻结议案:n,萨尔瓦多援助:n,校园宗教团体决议:y,反卫星禁试决议:y,援助尼加拉瓜反政府:y,MX导弹议案:?,移民决议案:y,合成燃料公司削减决议:y,教育支出决议:?,超级基金起诉权:n,犯罪决议案:n,免税出口决议案:y,南非出口管理决议案:?
14,党派:republican,残疾人婴幼儿法案:n,水项目费用分摊:y,预算决议案:n,医生费用冻结议案:y,萨尔瓦多援助:y,校园宗教团体决议:y,反卫星禁试决议:n,援助尼加拉瓜反政府:n,MX导弹议案:n,移民决议案:n,合成燃料公司削减决议:n,教育支出决议:y,超级基金起诉权:?,犯罪决议案:?,免税出口决议案:n,南非出口管理决议案:?
15,党派:republican,残疾人婴幼儿法案:n,水项目费用分摊:y,预算决议案:n,医生费用冻结议案:y,萨尔瓦多援助:y,校园宗教团体决议:y,反卫星禁试决议:n,援助尼加拉瓜反政府:n,MX导弹议案:n,移民决议案:y,合成燃料公司削减决议:n,教育支出决议:y,超级基金起诉权:y,犯罪决议案:?,免税出口决议案:n,南非出口管理决议案:?
16,党派:democrat,残疾人婴幼儿法案:y,水项目费用分摊:n,预算决议案:y,医生费用冻结议案:n,萨尔瓦多援助:n,校园宗教团体决议:y,反卫星禁试决议:n,援助尼加拉瓜反政府:y,MX导弹议案:?,移民决议案:y,合成燃料公司削减决议:y,教育支出决议:y,超级基金起诉权:?,犯罪决议案:n,免税出口决议案:n,南非出口管理决议案:y
17,党派:democrat,残疾人婴幼儿法案:y,水项目费用分摊:?,预算决议案:y,医生费用冻结议案:n,萨尔瓦多援助:n,校园宗教团体决议:n,反卫星禁试决议:y,援助尼加拉瓜反政府:y,MX导弹议案:y,移民决议案:n,合成燃料公司削减决议:n,教育支出决议:n,超级基金起诉权:y,犯罪决议案:n,免税出口决议案:y,南非出口管理决议案:y
18,党派:republican,残疾人婴幼儿法案:n,水项目费用分摊:y,预算决议案:n,医生费用冻结议案:y,萨尔瓦多援助:y,校园宗教团体决议:y,反卫星禁试决议:n,援助尼加拉瓜反政府:n,MX导弹议案:n,移民决议案:n,合成燃料公司削减决议:n,教育支出决议:?,超级基金起诉权:y,犯罪决议案:y,免税出口决议案:n,南非出口管理决议案:n
19,党派:democrat,残疾人婴幼儿法案:y,水项目费用分摊:y,预算决议案:y,医生费用冻结议案:n,萨尔瓦多援助:n,校园宗教团体决议:n,反卫星禁试决议:y,援助尼加拉瓜反政府:y,MX导弹议案:y,移民决议案:n,合成燃料公司削减决议:y,教育支出决议:n,超级基金起诉权:n,犯罪决议案:n,免税出口决议案:y,南非出口管理决议案:y
20,党派:democrat,残疾人婴幼儿法案:y,水项目费用分摊:y,预算决议案:y,医生费用冻结议案:n,萨尔瓦多援助:n,校园宗教团体决议:?,反卫星禁试决议:y,援助尼加拉瓜反政府:y,MX导弹议案:n,移民决议案:n,合成燃料公司削减决议:y,教育支出决议:n,超级基金起诉权:n,犯罪决议案:n,免税出口决议案:y,南非出口管理决议案:y
21,党派:democrat,残疾人婴幼儿法案:y,水项目费用分摊:y,预算决议案:y,医生费用冻结议案:n,萨尔瓦多援助:n,校园宗教团体决议:n,反卫星禁试决议:y,援助尼加拉瓜反政府:y,MX导弹议案:y,移民决议案:n,合成燃料公司削减决议:n,教育支出决议:n,超级基金起诉权:?,犯罪决议案:?,免税出口决议案:y,南非出口管理决议案:y
22,党派:democrat,残疾人婴幼儿法案:y,水项目费用分摊:?,预算决议案:y,医生费用冻结议案:n,萨尔瓦多援助:n,校园宗教团体决议:n,反卫星禁试决议:y,援助尼加拉瓜反政府:y,MX导弹议案:y,移民决议案:n,合成燃料公司削减决议:n,教育支出决议:?,超级基金起诉权:n,犯罪决议案:n,免税出口决议案:y,南非出口管理决议案:y
23,党派:democrat,残疾人婴幼儿法案:y,水项目费用分摊:y,预算决议案:y,医生费用冻结议案:n,萨尔瓦多援助:n,校园宗教团体决议:n,反卫星禁试决议:y,援助尼加拉瓜反政府:y,MX导弹议案:y,移民决议案:n,合成燃料公司削减决议:n,教育支出决议:n,超级基金起诉权:n,犯罪决议案:n,免税出口决议案:y,南非出口管理决议案:y
24,党派:democrat,残疾人婴幼儿法案:y,水项目费用分摊:n,预算决议案:y,医生费用冻结议案:n,萨尔瓦多援助:n,校园宗教团体决议:n,反卫星禁试决议:y,援助尼加拉瓜反政府:y,MX导弹议案:y,移民决议案:n,合成燃料公司削减决议:n,教育支出决议:n,超级基金起诉权:n,犯罪决议案:n,免税出口决议案:y,南非出口管理决议案:?
25,党派:democrat,残疾人婴幼儿法案:y,水项目费用分摊:n,预算决议案:y,医生费用冻结议案:n,萨尔瓦多援助:n,校园宗教团体决议:n,反卫星禁试决议:y,援助尼加拉瓜反政府:y,MX导弹议案:y,移民决议案:y,合成燃料公司削减决议:n,教育支出决议:n,超级基金起诉权:n,犯罪决议案:n,免税出口决议案:y,南非出口管理决议案:y
26,党派:democrat,残疾人婴幼儿法案:y,水项目费用分摊:n,预算决议案:y,医生费用冻结议案:n,萨尔瓦多援助:n,校园宗教团体决议:n,反卫星禁试决议:y,援助尼加拉瓜反政府:y,MX导弹议案:y,移民决议案:n,合成燃料公司削减决议:y,教育支出决议:n,超级基金起诉权:n,犯罪决议案:n,免税出口决议案:y,南非出口管理决议案:y
27,党派:democrat,残疾人婴幼儿法案:y,水项目费用分摊:y,预算决议案:y,医生费用冻结议案:n,萨尔瓦多援助:n,校园宗教团体决议:n,反卫星禁试决议:y,援助尼加拉瓜反政府:y,MX导弹议案:y,移民决议案:n,合成燃料公司削减决议:y,教育支出决议:n,超级基金起诉权:n,犯罪决议案:n,免税出口决议案:y,南非出口管理决议案:y
28,党派:republican,残疾人婴幼儿法案:y,水项目费用分摊:n,预算决议案:n,医生费用冻结议案:y,萨尔瓦多援助:y,校园宗教团体决议:n,反卫星禁试决议:y,援助尼加拉瓜反政府:y,MX导弹议案:y,移民决议案:n,合成燃料公司削减决议:n,教育支出决议:y,超级基金起诉权:y,犯罪决议案:y,免税出口决议案:n,南非出口管理决议案:y
29,党派:democrat,残疾人婴幼儿法案:y,水项目费用分摊:y,预算决议案:y,医生费用冻结议案:n,萨尔瓦多援助:n,校园宗教团体决议:n,反卫星禁试决议:y,援助尼加拉瓜反政府:y,MX导弹议案:y,移民决议案:n,合成燃料公司削减决议:y,教育支出决议:n,超级基金起诉权:n,犯罪决议案:n,免税出口决议案:y,南非出口管理决议案:y
30,党派:republican,残疾人婴幼儿法案:n,水项目费用分摊:y,预算决议案:n,医生费用冻结议案:y,萨尔瓦多援助:y,校园宗教团体决议:y,反卫星禁试决议:n,援助尼加拉瓜反政府:n,MX导弹议案:n,移民决议案:n,合成燃料公司削减决议:n,教育支出决议:y,超级基金起诉权:y,犯罪决议案:y,免税出口决议案:n,南非出口管理决议案:n
31,党派:democrat,残疾人婴幼儿法案:y,水项目费用分摊:y,预算决议案:y,医生费用冻结议案:n,萨尔瓦多援助:n,校园宗教团体决议:n,反卫星禁试决议:y,援助尼加拉瓜反政府:y,MX导弹议案:y,移民决议案:n,合成燃料公司削减决议:y,教育支出决议:n,超级基金起诉权:n,犯罪决议案:n,免税出口决议案:y,南非出口管理决议案:?
32,党派:democrat,残疾人婴幼儿法案:y,水项目费用分摊:y,预算决议案:y,医生费用冻结议案:n,萨尔瓦多援助:n,校园宗教团体决议:n,反卫星禁试决议:y,援助尼加拉瓜反政府:y,MX导弹议案:y,移民决议案:y,合成燃料公司削减决议:n,教育支出决议:n,超级基金起诉权:y,犯罪决议案:n,免税出口决议案:y,南非出口管理决议案:y
33,党派:republican,残疾人婴幼儿法案:n,水项目费用分摊:y,预算决议案:n,医生费用冻结议案:y,萨尔瓦多援助:y,校园宗教团体决议:y,反卫星禁试决议:n,援助尼加拉瓜反政府:n,MX导弹议案:n,移民决议案:n,合成燃料公司削减决议:n,教育支出决议:y,超级基金起诉权:y,犯罪决议案:y,免税出口决议案:n,南非出口管理决议案:y
34,党派:democrat,残疾人婴幼儿法案:y,水项目费用分摊:y,预算决议案:y,医生费用冻结议案:n,萨尔瓦多援助:n,校园宗教团体决议:n,反卫星禁试决议:y,援助尼加拉瓜反政府:y,MX导弹议案:y,移民决议案:n,合成燃料公司削减决议:n,教育支出决议:n,超级基金起诉权:n,犯罪决议案:n,免税出口决议案:y,南非出口管理决议案:y
35,党派:republican,残疾人婴幼儿法案:n,水项目费用分摊:y,预算决议案:n,医生费用冻结议案:y,萨尔瓦多援助:y,校园宗教团体决议:y,反卫星禁试决议:n,援助尼加拉瓜反政府:n,MX导弹议案:n,移民决议案:n,合成燃料公司削减决议:n,教育支出决议:y,超级基金起诉权:y,犯罪决议案:y,免税出口决议案:n,南非出口管理决议案:n
36,党派:republican,残疾人婴幼儿法案:y,水项目费用分摊:?,预算决议案:n,医生费用冻结议案:y,萨尔瓦多援助:y,校园宗教团体决议:y,反卫星禁试决议:n,援助尼加拉瓜反政府:n,MX导弹议案:n,移民决议案:y,合成燃料公司削减决议:n,教育支出决议:y,超级基金起诉权:?,犯罪决议案:y,免税出口决议案:n,南非出口管理决议案:y
37,党派:republican,残疾人婴幼儿法案:y,水项目费用分摊:y,预算决议案:n,医生费用冻结议案:y,萨尔瓦多援助:y,校园宗教团体决议:y,反卫星禁试决议:n,援助尼加拉瓜反政府:n,MX导弹议案:n,移民决议案:n,合成燃料公司削减决议:n,教育支出决议:n,超级基金起诉权:y,犯罪决议案:y,免税出口决议案:n,南非出口管理决议案:y
38,党派:republican,残疾人婴幼儿法案:n,水项目费用分摊:y,预算决议案:n,医生费用冻结议案:y,萨尔瓦多援助:y,校园宗教团体决议:y,反卫星禁试决议:n,援助尼加拉瓜反政府:n,MX导弹议案:n,移民决议案:y,合成燃料公司削减决议:n,教育支出决议:y,超级基金起诉权:y,犯罪决议案:y,免税出口决议案:n,南非出口管理决议案:n
39,党派:democrat,残疾人婴幼儿法案:y,水项目费用分摊:n,预算决议案:y,医生费用冻结议案:n,萨尔瓦多援助:n,校园宗教团体决议:n,反卫星禁试决议:y,援助尼加拉瓜反政府:y,MX导弹议案:y,移民决议案:y,合成燃料公司削减决议:y,教育支出决议:n,超级基金起诉权:y,犯罪决议案:n,免税出口决议案:y,南非出口管理决议案:y
40,党派:democrat,残疾人婴幼儿法案:y,水项目费用分摊:y,预算决议案:y,医生费用冻结议案:n,萨尔瓦多援助:n,校园宗教团体决议:n,反卫星禁试决议:y,援助尼加拉瓜反政府:y,MX导弹议案:y,移民决议案:n,合成燃料公司削减决议:?,教育支出决议:n,超级基金起诉权:n,犯罪决议案:n,免税出口决议案:n,南非出口管理决议案:?
41,党派:democrat,残疾人婴幼儿法案:y,水项目费用分摊:y,预算决议案:y,医生费用冻结议案:n,萨尔瓦多援助:n,校园宗教团体决议:n,反卫星禁试决议:y,援助尼加拉瓜反政府:y,MX导弹议案:y,移民决议案:n,合成燃料公司削减决议:n,教育支出决议:n,超级基金起诉权:n,犯罪决议案:n,免税出口决议案:y,南非出口管理决议案:?
42,党派:democrat,残疾人婴幼儿法案:y,水项目费用分摊:n,预算决议案:y,医生费用冻结议案:n,萨尔瓦多援助:n,校园宗教团体决议:n,反卫星禁试决议:y,援助尼加拉瓜反政府:y,MX导弹议案:y,移民决议案:n,合成燃料公司削减决议:n,教育支出决议:n,超级基金起诉权:n,犯罪决议案:n,免税出口决议案:n,南非出口管理决议案:y
43,党派:democrat,残疾人婴幼儿法案:y,水项目费用分摊:n,预算决议案:y,医生费用冻结议案:n,萨尔瓦多援助:n,校园宗教团体决议:n,反卫星禁试决议:y,援助尼加拉瓜反政府:y,MX导弹议案:y,移民决议案:n,合成燃料公司削减决议:n,教育支出决议:n,超级基金起诉权:n,犯罪决议案:n,免税出口决议案:y,南非出口管理决议案:y
44,党派:democrat,残疾人婴幼儿法案:y,水项目费用分摊:y,预算决议案:y,医生费用冻结议案:n,萨尔瓦多援助:n,校园宗教团体决议:n,反卫星禁试决议:y,援助尼加拉瓜反政府:y,MX导弹议案:y,移民决议案:n,合成燃料公司削减决议:y,教育支出决议:n,超级基金起诉权:n,犯罪决议案:n,免税出口决议案:n,南非出口管理决议案:?
45,党派:democrat,残疾人婴幼儿法案:y,水项目费用分摊:y,预算决议案:y,医生费用冻结议案:n,萨尔瓦多援助:n,校园宗教团体决议:n,反卫星禁试决议:y,援助尼加拉瓜反政府:y,MX导弹议案:?,移民决议案:n,合成燃料公司削减决议:y,教育支出决议:n,超级基金起诉权:n,犯罪决议案:n,免税出口决议案:y,南非出口管理决议案:?
46,党派:democrat,残疾人婴幼儿法案:y,水项目费用分摊:y,预算决议案:y,医生费用冻结议案:n,萨尔瓦多援助:n,校园宗教团体决议:n,反卫星禁试决议:y,援助尼加拉瓜反政府:y,MX导弹议案:y,移民决议案:n,合成燃料公司削减决议:n,教育支出决议:n,超级基金起诉权:n,犯罪决议案:n,免税出口决议案:n,南非出口管理决议案:y
47,党派:democrat,残疾人婴幼儿法案:y,水项目费用分摊:n,预算决议案:y,医生费用冻结议案:n,萨尔瓦多援助:n,校园宗教团体决议:n,反卫星禁试决议:y,援助尼加拉瓜反政府:y,MX导弹议案:?,移民决议案:n,合成燃料公司削减决议:n,教育支出决议:n,超级基金起诉权:n,犯罪决议案:n,免税出口决议案:n,南非出口管理决议案:?
48,党派:democrat,残疾人婴幼儿法案:y,水项目费用分摊:y,预算决议案:y,医生费用冻结议案:n,萨尔瓦多援助:n,校园宗教团体决议:n,反卫星禁试决议:y,援助尼加拉瓜反政府:y,MX导弹议案:n,移民决议案:n,合成燃料公司削减决议:n,教育支出决议:n,超级基金起诉权:n,犯罪决议案:y,免税出口决议案:n,南非出口管理决议案:y
49,党派:republican,残疾人婴幼儿法案:n,水项目费用分摊:?,预算决议案:n,医生费用冻结议案:y,萨尔瓦多援助:y,校园宗教团体决议:y,反卫星禁试决议:n,援助尼加拉瓜反政府:n,MX导弹议案:n,移民决议案:n,合成燃料公司削减决议:n,教育支出决议:y,超级基金起诉权:y,犯罪决议案:y,免税出口决议案:n,南非出口管理决议案:n
50,党派:democrat,残疾人婴幼儿法案:y,水项目费用分摊:y,预算决议案:y,医生费用冻结议案:n,萨尔瓦多援助:n,校园宗教团体决议:n,反卫星禁试决议:y,援助尼加拉瓜反政府:y,MX导弹议案:y,移民决议案:n,合成燃料公司削减决议:y,教育支出决议:n,超级基金起诉权:n,犯罪决议案:n,免税出口决议案:y,南非出口管理决议案:y
51,党派:republican,残疾人婴幼儿法案:n,水项目费用分摊:y,预算决议案:n,医生费用冻结议案:y,萨尔瓦多援助:y,校园宗教团体决议:y,反卫星禁试决议:n,援助尼加拉瓜反政府:?,MX导弹议案:n,移民决议案:n,合成燃料公司削减决议:n,教育支出决议:y,超级基金起诉权:y,犯罪决议案:y,免税出口决议案:n,南非出口管理决议案:y
52,党派:democrat,残疾人婴幼儿法案:y,水项目费用分摊:y,预算决议案:y,医生费用冻结议案:n,萨尔瓦多援助:n,校园宗教团体决议:n,反卫星禁试决议:y,援助尼加拉瓜反政府:y,MX导弹议案:y,移民决议案:n,合成燃料公司削减决议:n,教育支出决议:n,超级基金起诉权:n,犯罪决议案:n,免税出口决议案:?,南非出口管理决议案:?
53,党派:republican,残疾人婴幼儿法案:y,水项目费用分摊:y,预算决议案:n,医生费用冻结议案:y,萨尔瓦多援助:y,校园宗教团体决议:y,反卫星禁试决议:n,援助尼加拉瓜反政府:n,MX导弹议案:n,移民决议案:y,合成燃料公司削减决议:n,教育支出决议:y,超级基金起诉权:y,犯罪决议案:y,免税出口决议案:n,南非出口管理决议案:n
54,党派:democrat,残疾人婴幼儿法案:y,水项目费用分摊:y,预算决议案:y,医生费用冻结议案:n,萨尔瓦多援助:n,校园宗教团体决议:y,反卫星禁试决议:?,援助尼加拉瓜反政府:y,MX导弹议案:n,移民决议案:n,合成燃料公司削减决议:y,教育支出决议:y,超级基金起诉权:n,犯罪决议案:y,免税出口决议案:n,南非出口管理决议案:?
55,党派:republican,残疾人婴幼儿法案:n,水项目费用分摊:y,预算决议案:n,医生费用冻结议案:y,萨尔瓦多援助:y,校园宗教团体决议:y,反卫星禁试决议:n,援助尼加拉瓜反政府:n,MX导弹议案:n,移民决议案:y,合成燃料公司削减决议:y,教育支出决议:y,超级基金起诉权:y,犯罪决议案:y,免税出口决议案:n,南非出口管理决议案:n
56,党派:republican,残疾人婴幼儿法案:n,水项目费用分摊:y,预算决议案:n,医生费用冻结议案:y,萨尔瓦多援助:y,校园宗教团体决议:y,反卫星禁试决议:n,援助尼加拉瓜反政府:n,MX导弹议案:n,移民决议案:y,合成燃料公司削减决议:y,教育支出决议:y,超级基金起诉权:y,犯罪决议案:y,免税出口决议案:n,南非出口管理决议案:y
57,党派:republican,残疾人婴幼儿法案:n,水项目费用分摊:y,预算决议案:n,医生费用冻结议案:y,萨尔瓦多援助:y,校园宗教团体决议:y,反卫星禁试决议:n,援助尼加拉瓜反政府:n,MX导弹议案:n,移民决议案:y,合成燃料公司削减决议:n,教育支出决议:y,超级基金起诉权:y,犯罪决议案:y,免税出口决议案:n,南非出口管理决议案:y
58,党派:republican,残疾人婴幼儿法案:n,水项目费用分摊:y,预算决议案:n,医生费用冻结议案:y,萨尔瓦多援助:y,校园宗教团体决议:y,反卫星禁试决议:n,援助尼加拉瓜反政府:n,MX导弹议案:n,移民决议案:y,合成燃料公司削减决议:n,教育支出决议:y,超级基金起诉权:y,犯罪决议案:y,免税出口决议案:n,南非出口管理决议案:y
59,党派:republican,残疾人婴幼儿法案:n,水项目费用分摊:y,预算决议案:n,医生费用冻结议案:y,萨尔瓦多援助:y,校园宗教团体决议:y,反卫星禁试决议:n,援助尼加拉瓜反政府:n,MX导弹议案:n,移民决议案:y,合成燃料公司削减决议:n,教育支出决议:y,超级基金起诉权:y,犯罪决议案:y,免税出口决议案:n,南非出口管理决议案:?
60,党派:democrat,残疾人婴幼儿法案:y,水项目费用分摊:y,预算决议案:y,医生费用冻结议案:n,萨尔瓦多援助:n,校园宗教团体决议:?,反卫星禁试决议:y,援助尼加拉瓜反政府:y,MX导弹议案:y,移民决议案:y,合成燃料公司削减决议:n,教育支出决议:n,超级基金起诉权:n,犯罪决议案:n,免税出口决议案:y,南非出口管理决议案:?
61,党派:republican,残疾人婴幼儿法案:n,水项目费用分摊:y,预算决议案:n,医生费用冻结议案:y,萨尔瓦多援助:y,校园宗教团体决议:y,反卫星禁试决议:n,援助尼加拉瓜反政府:n,MX导弹议案:n,移民决议案:n,合成燃料公司削减决议:n,教育支出决议:y,超级基金起诉权:y,犯罪决议案:y,免税出口决议案:n,南非出口管理决议案:n
62,党派:democrat,残疾人婴幼儿法案:y,水项目费用分摊:y,预算决议案:y,医生费用冻结议案:n,萨尔瓦多援助:n,校园宗教团体决议:n,反卫星禁试决议:y,援助尼加拉瓜反政府:y,MX导弹议案:y,移民决议案:n,合成燃料公司削减决议:n,教育支出决议:n,超级基金起诉权:n,犯罪决议案:n,免税出口决议案:n,南非出口管理决议案:?
63,党派:democrat,残疾人婴幼儿法案:y,水项目费用分摊:y,预算决议案:y,医生费用冻结议案:n,萨尔瓦多援助:n,校园宗教团体决议:n,反卫星禁试决议:y,援助尼加拉瓜反政府:y,MX导弹议案:y,移民决议案:n,合成燃料公司削减决议:y,教育支出决议:n,超级基金起诉权:n,犯罪决议案:n,免税出口决议案:n,南非出口管理决议案:y
64,党派:democrat,残疾人婴幼儿法案:y,水项目费用分摊:y,预算决议案:y,医生费用冻结议案:n,萨尔瓦多援助:n,校园宗教团体决议:n,反卫星禁试决议:y,援助尼加拉瓜反政府:y,MX导弹议案:y,移民决议案:n,合成燃料公司削减决议:y,教育支出决议:?,超级基金起诉权:n,犯罪决议案:n,免税出口决议案:n,南非出口管理决议案:y
65,党派:republican,残疾人婴幼儿法案:y,水项目费用分摊:y,预算决议案:n,医生费用冻结议案:y,萨尔瓦多援助:y,校园宗教团体决议:y,反卫星禁试决议:y,援助尼加拉瓜反政府:n,MX导弹议案:n,移民决议案:n,合成燃料公司削减决议:n,教育支出决议:y,超级基金起诉权:y,犯罪决议案:y,免税出口决议案:n,南非出口管理决议案:y
66,党派:republican,残疾人婴幼儿法案:n,水项目费用分摊:y,预算决议案:n,医生费用冻结议案:y,萨尔瓦多援助:y,校园宗教团体决议:y,反卫星禁试决议:y,援助尼加拉瓜反政府:n,MX导弹议案:n,移民决议案:n,合成燃料公司削减决议:y,教育支出决议:y,超级基金起诉权:y,犯罪决议案:y,免税出口决议案:n,南非出口管理决议案:y
67,党派:republican,残疾人婴幼儿法案:n,水项目费用分摊:y,预算决议案:n,医生费用冻结议案:y,萨尔瓦多援助:y,校园宗教团体决议:y,反卫星禁试决议:n,援助尼加拉瓜反政府:n,MX导弹议案:n,移民决议案:y,合成燃料公司削减决议:n,教育支出决议:y,超级基金起诉权:y,犯罪决议案:y,免税出口决议案:n,南非出口管理决议案:n
68,党派:democrat,残疾人婴幼儿法案:y,水项目费用分摊:?,预算决议案:y,医生费用冻结议案:n,萨尔瓦多援助:n,校园宗教团体决议:n,反卫星禁试决议:y,援助尼加拉瓜反政府:y,MX导弹议案:y,移民决议案:n,合成燃料公司削减决议:n,教育支出决议:n,超级基金起诉权:y,犯罪决议案:n,免税出口决议案:y,南非出口管理决议案:y
69,党派:democrat,残疾人婴幼儿法案:y,水项目费用分摊:y,预算决议案:y,医生费用冻结议案:n,萨尔瓦多援助:n,校园宗教团体决议:n,反卫星禁试决议:y,援助尼加拉瓜反政府:y,MX导弹议案:y,移民决议案:n,合成燃料公司削减决议:n,教育支出决议:n,超级基金起诉权:n,犯罪决议案:n,免税出口决议案:y,南非出口管理决议案:y
70,党派:democrat,残疾人婴幼儿法案:y,水项目费用分摊:n,预算决议案:y,医生费用冻结议案:n,萨尔瓦多援助:n,校园宗教团体决议:n,反卫星禁试决议:y,援助尼加拉瓜反政府:y,MX导弹议案:y,移民决议案:n,合成燃料公司削减决议:n,教育支出决议:n,超级基金起诉权:y,犯罪决议案:n,免税出口决议案:y,南非出口管理决议案:?
71,党派:republican,残疾人婴幼儿法案:y,水项目费用分摊:y,预算决议案:y,医生费用冻结议案:y,萨尔瓦多援助:n,校园宗教团体决议:n,反卫星禁试决议:y,援助尼加拉瓜反政府:y,MX导弹议案:y,移民决议案:y,合成燃料公司削减决议:y,教育支出决议:n,超级基金起诉权:n,犯罪决议案:y,免税出口决议案:n,南非出口管理决议案:y
72,党派:democrat,残疾人婴幼儿法案:y,水项目费用分摊:y,预算决议案:y,医生费用冻结议案:n,萨尔瓦多援助:n,校园宗教团体决议:n,反卫星禁试决议:y,援助尼加拉瓜反政府:y,MX导弹议案:y,移民决议案:n,合成燃料公司削减决议:y,教育支出决议:n,超级基金起诉权:n,犯罪决议案:n,免税出口决议案:y,南非出口管理决议案:?
73,党派:republican,残疾人婴幼儿法案:y,水项目费用分摊:n,预算决议案:y,医生费用冻结议案:y,萨尔瓦多援助:y,校园宗教团体决议:n,反卫星禁试决议:y,援助尼加拉瓜反政府:n,MX导弹议案:y,移民决议案:y,合成燃料公司削减决议:n,教育支出决议:n,超级基金起诉权:y,犯罪决议案:y,免税出口决议案:n,南非出口管理决议案:y
74,党派:democrat,残疾人婴幼儿法案:y,水项目费用分摊:n,预算决议案:y,医生费用冻结议案:n,萨尔瓦多援助:n,校园宗教团体决议:y,反卫星禁试决议:y,援助尼加拉瓜反政府:y,MX导弹议案:y,移民决议案:y,合成燃料公司削减决议:y,教育支出决议:n,超级基金起诉权:n,犯罪决议案:y,免税出口决议案:y,南非出口管理决议案:y
75,党派:democrat,残疾人婴幼儿法案:n,水项目费用分摊:y,预算决议案:y,医生费用冻结议案:y,萨尔瓦多援助:y,校园宗教团体决议:y,反卫星禁试决议:n,援助尼加拉瓜反政府:n,MX导弹议案:n,移民决议案:y,合成燃料公司削减决议:y,教育支出决议:n,超级基金起诉权:y,犯罪决议案:y,免税出口决议案:n,南非出口管理决议案:n
76,党派:democrat,残疾人婴幼儿法案:n,水项目费用分摊:y,预算决议案:y,医生费用冻结议案:n,萨尔瓦多援助:y,校园宗教团体决议:y,反卫星禁试决议:n,援助尼加拉瓜反政府:n,MX导弹议案:n,移民决议案:y,合成燃料公司削减决议:y,教育支出决议:y,超级基金起诉权:y,犯罪决议案:y,免税出口决议案:n,南非出口管理决议案:?
77,党派:democrat,残疾人婴幼儿法案:n,水项目费用分摊:y,预算决议案:y,医生费用冻结议案:y,萨尔瓦多援助:y,校园宗教团体决议:y,反卫星禁试决议:n,援助尼加拉瓜反政府:y,MX导弹议案:y,移民决议案:y,合成燃料公司削减决议:y,教育支出决议:y,超级基金起诉权:y,犯罪决议案:y,免税出口决议案:n,南非出口管理决议案:y
78,党派:democrat,残疾人婴幼儿法案:y,水项目费用分摊:y,预算决议案:y,医生费用冻结议案:n,萨尔瓦多援助:y,校园宗教团体决议:y,反卫星禁试决议:n,援助尼加拉瓜反政府:n,MX导弹议案:n,移民决议案:y,合成燃料公司削减决议:y,教育支出决议:n,超级基金起诉权:y,犯罪决议案:y,免税出口决议案:n,南非出口管理决议案:y
79,党派:republican,残疾人婴幼儿法案:n,水项目费用分摊:n,预算决议案:n,医生费用冻结议案:y,萨尔瓦多援助:y,校园宗教团体决议:n,反卫星禁试决议:n,援助尼加拉瓜反政府:n,MX导弹议案:n,移民决议案:y,合成燃料公司削减决议:n,教育支出决议:y,超级基金起诉权:y,犯罪决议案:y,免税出口决议案:n,南非出口管理决议案:n
80,党派:democrat,残疾人婴幼儿法案:y,水项目费用分摊:n,预算决议案:y,医生费用冻结议案:n,萨尔瓦多援助:n,校园宗教团体决议:y,反卫星禁试决议:y,援助尼加拉瓜反政府:y,MX导弹议案:y,移民决议案:y,合成燃料公司削减决议:n,教育支出决议:y,超级基金起诉权:n,犯罪决议案:y,免税出口决议案:n,南非出口管理决议案:?
81,党派:democrat,残疾人婴幼儿法案:y,水项目费用分摊:n,预算决议案:y,医生费用冻结议案:n,萨尔瓦多援助:n,校园宗教团体决议:n,反卫星禁试决议:y,援助尼加拉瓜反政府:y,MX导弹议案:?,移民决议案:y,合成燃料公司削减决议:y,教育支出决议:y,超级基金起诉权:n,犯罪决议案:y,免税出口决议案:n,南非出口管理决议案:y
82,党派:republican,残疾人婴幼儿法案:n,水项目费用分摊:n,预算决议案:n,医生费用冻结议案:y,萨尔瓦多援助:y,校园宗教团体决议:y,反卫星禁试决议:n,援助尼加拉瓜反政府:n,MX导弹议案:n,移民决议案:y,合成燃料公司削减决议:n,教育支出决议:y,超级基金起诉权:y,犯罪决议案:y,免税出口决议案:n,南非出口管理决议案:y
83,党派:republican,残疾人婴幼儿法案:n,水项目费用分摊:n,预算决议案:n,医生费用冻结议案:y,萨尔瓦多援助:y,校园宗教团体决议:y,反卫星禁试决议:n,援助尼加拉瓜反政府:n,MX导弹议案:n,移民决议案:n,合成燃料公司削减决议:n,教育支出决议:y,超级基金起诉权:y,犯罪决议案:y,免税出口决议案:n,南非出口管理决议案:n
84,党派:republican,残疾人婴幼儿法案:n,水项目费用分摊:?,预算决议案:n,医生费用冻结议案:y,萨尔瓦多援助:y,校园宗教团体决议:y,反卫星禁试决议:n,援助尼加拉瓜反政府:n,MX导弹议案:n,移民决议案:y,合成燃料公司削减决议:n,教育支出决议:y,超级基金起诉权:y,犯罪决议案:y,免税出口决议案:n,南非出口管理决议案:n
85,党派:democrat,残疾人婴幼儿法案:n,水项目费用分摊:n,预算决议案:y,医生费用冻结议案:n,萨尔瓦多援助:y,校园宗教团体决议:y,反卫星禁试决议:n,援助尼加拉瓜反政府:n,MX导弹议案:n,移民决议案:y,合成燃料公司削减决议:y,教育支出决议:y,超级基金起诉权:y,犯罪决议案:y,免税出口决议案:n,南非出口管理决议案:y
86,党派:republican,残疾人婴幼儿法案:n,水项目费用分摊:n,预算决议案:n,医生费用冻结议案:y,萨尔瓦多援助:y,校园宗教团体决议:y,反卫星禁试决议:n,援助尼加拉瓜反政府:n,MX导弹议案:n,移民决议案:y,合成燃料公司削减决议:n,教育支出决议:y,超级基金起诉权:y,犯罪决议案:y,免税出口决议案:n,南非出口管理决议案:n
87,党派:republican,残疾人婴幼儿法案:n,水项目费用分摊:n,预算决议案:n,医生费用冻结议案:y,萨尔瓦多援助:y,校园宗教团体决议:y,反卫星禁试决议:n,援助尼加拉瓜反政府:n,MX导弹议案:n,移民决议案:n,合成燃料公司削减决议:n,教育支出决议:y,超级基金起诉权:y,犯罪决议案:y,免税出口决议案:n,南非出口管理决议案:n
88,党派:democrat,残疾人婴幼儿法案:n,水项目费用分摊:y,预算决议案:y,医生费用冻结议案:n,萨尔瓦多援助:y,校园宗教团体决议:y,反卫星禁试决议:y,援助尼加拉瓜反政府:n,MX导弹议案:y,移民决议案:y,合成燃料公司削减决议:y,教育支出决议:n,超级基金起诉权:y,犯罪决议案:y,免税出口决议案:n,南非出口管理决议案:y
89,党派:republican,残疾人婴幼儿法案:n,水项目费用分摊:n,预算决议案:n,医生费用冻结议案:y,萨尔瓦多援助:y,校园宗教团体决议:y,反卫星禁试决议:n,援助尼加拉瓜反政府:n,MX导弹议案:n,移民决议案:y,合成燃料公司削减决议:n,教育支出决议:?,超级基金起诉权:y,犯罪决议案:y,免税出口决议案:n,南非出口管理决议案:?
90,党派:democrat,残疾人婴幼儿法案:y,水项目费用分摊:n,预算决议案:y,医生费用冻结议案:n,萨尔瓦多援助:n,校园宗教团体决议:n,反卫星禁试决议:y,援助尼加拉瓜反政府:y,MX导弹议案:y,移民决议案:y,合成燃料公司削减决议:n,教育支出决议:n,超级基金起诉权:n,犯罪决议案:n,免税出口决议案:y,南非出口管理决议案:y
91,党派:democrat,残疾人婴幼儿法案:y,水项目费用分摊:n,预算决议案:y,医生费用冻结议案:n,萨尔瓦多援助:n,校园宗教团体决议:n,反卫星禁试决议:y,援助尼加拉瓜反政府:y,MX导弹议案:y,移民决议案:y,合成燃料公司削减决议:y,教育支出决议:n,超级基金起诉权:n,犯罪决议案:n,免税出口决议案:y,南非出口管理决议案:y
92,党派:democrat,残疾人婴幼儿法案:y,水项目费用分摊:y,预算决议案:y,医生费用冻结议案:n,萨尔瓦多援助:n,校园宗教团体决议:n,反卫星禁试决议:y,援助尼加拉瓜反政府:y,MX导弹议案:n,移民决议案:y,合成燃料公司削减决议:y,教育支出决议:n,超级基金起诉权:n,犯罪决议案:?,免税出口决议案:y,南非出口管理决议案:y
93,党派:democrat,残疾人婴幼儿法案:y,水项目费用分摊:n,预算决议案:y,医生费用冻结议案:n,萨尔瓦多援助:n,校园宗教团体决议:n,反卫星禁试决议:y,援助尼加拉瓜反政府:n,MX导弹议案:y,移民决议案:y,合成燃料公司削减决议:y,教育支出决议:n,超级基金起诉权:n,犯罪决议案:n,免税出口决议案:y,南非出口管理决议案:y
94,党派:democrat,残疾人婴幼儿法案:y,水项目费用分摊:n,预算决议案:y,医生费用冻结议案:n,萨尔瓦多援助:y,校园宗教团体决议:y,反卫星禁试决议:n,援助尼加拉瓜反政府:n,MX导弹议案:n,移民决议案:n,合成燃料公司削减决议:n,教育支出决议:n,超级基金起诉权:n,犯罪决议案:n,免税出口决议案:n,南非出口管理决议案:y
95,党派:democrat,残疾人婴幼儿法案:y,水项目费用分摊:n,预算决议案:y,医生费用冻结议案:n,萨尔瓦多援助:y,校园宗教团体决议:y,反卫星禁试决议:n,援助尼加拉瓜反政府:?,MX导弹议案:?,移民决议案:n,合成燃料公司削减决议:y,教育支出决议:?,超级基金起诉权:?,犯罪决议案:?,免税出口决议案:y,南非出口管理决议案:y
96,党派:democrat,残疾人婴幼儿法案:n,水项目费用分摊:n,预算决议案:?,医生费用冻结议案:n,萨尔瓦多援助:y,校园宗教团体决议:y,反卫星禁试决议:n,援助尼加拉瓜反政府:n,MX导弹议案:n,移民决议案:n,合成燃料公司削减决议:y,教育支出决议:y,超级基金起诉权:y,犯罪决议案:y,免税出口决议案:n,南非出口管理决议案:y
97,党派:democrat,残疾人婴幼儿法案:y,水项目费用分摊:n,预算决议案:n,医生费用冻结议案:n,萨尔瓦多援助:y,校园宗教团体决议:y,反卫星禁试决议:y,援助尼加拉瓜反政府:n,MX导弹议案:n,移民决议案:y,合成燃料公司削减决议:y,教育支出决议:n,超级基金起诉权:n,犯罪决议案:y,免税出口决议案:n,南非出口管理决议案:y
98,党派:democrat,残疾人婴幼儿法案:y,水项目费用分摊:y,预算决议案:y,医生费用冻结议案:n,萨尔瓦多援助:n,校园宗教团体决议:y,反卫星禁试决议:y,援助尼加拉瓜反政府:y,MX导弹议案:y,移民决议案:y,合成燃料公司削减决议:n,教育支出决议:n,超级基金起诉权:n,犯罪决议案:n,免税出口决议案:n,南非出口管理决议案:y
99,党派:republican,残疾人婴幼儿法案:n,水项目费用分摊:n,预算决议案:n,医生费用冻结议案:y,萨尔瓦多援助:y,校园宗教团体决议:y,反卫星禁试决议:n,援助尼加拉瓜反政府:n,MX导弹议案:n,移民决议案:y,合成燃料公司削减决议:?,教育支出决议:y,超级基金起诉权:y,犯罪决议案:y,免税出口决议案:n,南非出口管理决议案:n
100,党派:democrat,残疾人婴幼儿法案:y,水项目费用分摊:n,预算决议案:n,医生费用冻结议案:n,萨尔瓦多援助:y,校园宗教团体决议:y,反卫星禁试决议:n,援助尼加拉瓜反政府:n,MX导弹议案:n,移民决议案:n,合成燃料公司削减决议:y,教育支出决议:y,超级基金起诉权:n,犯罪决议案:y,免税出口决议案:n,南非出口管理决议案:y
101,党派:democrat,残疾人婴幼儿法案:y,水项目费用分摊:n,预算决议案:y,医生费用冻结议案:n,萨尔瓦多援助:y,校园宗教团体决议:y,反卫星禁试决议:y,援助尼加拉瓜反政府:n,MX导弹议案:n,移民决议案:n,合成燃料公司削减决议:y,教育支出决议:n,超级基金起诉权:n,犯罪决议案:y,免税出口决议案:n,南非出口管理决议案:y
102,党派:democrat,残疾人婴幼儿法案:y,水项目费用分摊:n,预算决议案:y,医生费用冻结议案:n,萨尔瓦多援助:y,校园宗教团体决议:y,反卫星禁试决议:y,援助尼加拉瓜反政府:n,MX导弹议案:?,移民决议案:n,合成燃料公司削减决议:y,教育支出决议:n,超级基金起诉权:y,犯罪决议案:y,免税出口决议案:y,南非出口管理决议案:?
103,党派:democrat,残疾人婴幼儿法案:y,水项目费用分摊:n,预算决议案:n,医生费用冻结议案:n,萨尔瓦多援助:y,校园宗教团体决议:y,反卫星禁试决议:?,援助尼加拉瓜反政府:n,MX导弹议案:?,移民决议案:n,合成燃料公司削减决议:n,教育支出决议:n,超级基金起诉权:n,犯罪决议案:y,免税出口决议案:?,南非出口管理决议案:n
104,党派:democrat,残疾人婴幼儿法案:?,水项目费用分摊:?,预算决议案:?,医生费用冻结议案:?,萨尔瓦多援助:n,校园宗教团体决议:y,反卫星禁试决议:y,援助尼加拉瓜反政府:y,MX导弹议案:y,移民决议案:y,合成燃料公司削减决议:?,教育支出决议:n,超级基金起诉权:y,犯罪决议案:y,免税出口决议案:n,南非出口管理决议案:?
105,党派:democrat,残疾人婴幼儿法案:y,水项目费用分摊:y,预算决议案:y,医生费用冻结议案:n,萨尔瓦多援助:n,校园宗教团体决议:n,反卫星禁试决议:n,援助尼加拉瓜反政府:y,MX导弹议案:y,移民决议案:n,合成燃料公司削减决议:y,教育支出决议:n,超级基金起诉权:n,犯罪决议案:n,免税出口决议案:y,南非出口管理决议案:y
106,党派:republican,残疾人婴幼儿法案:n,水项目费用分摊:y,预算决议案:n,医生费用冻结议案:y,萨尔瓦多援助:y,校园宗教团体决议:y,反卫星禁试决议:n,援助尼加拉瓜反政府:n,MX导弹议案:n,移民决议案:n,合成燃料公司削减决议:n,教育支出决议:y,超级基金起诉权:y,犯罪决议案:y,免税出口决议案:n,南非出口管理决议案:y
107,党派:republican,残疾人婴幼儿法案:n,水项目费用分摊:?,预算决议案:?,医生费用冻结议案:?,萨尔瓦多援助:?,校园宗教团体决议:?,反卫星禁试决议:?,援助尼加拉瓜反政府:?,MX导弹议案:?,移民决议案:?,合成燃料公司削减决议:?,教育支出决议:?,超级基金起诉权:?,犯罪决议案:y,免税出口决议案:?,南非出口管理决议案:?
108,党派:democrat,残疾人婴幼儿法案:y,水项目费用分摊:?,预算决议案:y,医生费用冻结议案:n,萨尔瓦多援助:n,校园宗教团体决议:n,反卫星禁试决议:y,援助尼加拉瓜反政府:y,MX导弹议案:y,移民决议案:n,合成燃料公司削减决议:n,教育支出决议:n,超级基金起诉权:n,犯罪决议案:n,免税出口决议案:y,南非出口管理决议案:?
109,党派:democrat,残疾人婴幼儿法案:y,水项目费用分摊:?,预算决议案:y,医生费用冻结议案:n,萨尔瓦多援助:n,校园宗教团体决议:n,反卫星禁试决议:y,援助尼加拉瓜反政府:y,MX导弹议案:y,移民决议案:n,合成燃料公司削减决议:n,教育支出决议:n,超级基金起诉权:n,犯罪决议案:n,免税出口决议案:y,南非出口管理决议案:?
110,党派:democrat,残疾人婴幼儿法案:n,水项目费用分摊:n,预算决议案:y,医生费用冻结议案:n,萨尔瓦多援助:n,校园宗教团体决议:n,反卫星禁试决议:y,援助尼加拉瓜反政府:y,MX导弹议案:y,移民决议案:y,合成燃料公司削减决议:n,教育支出决议:n,超级基金起诉权:n,犯罪决议案:n,免税出口决议案:y,南非出口管理决议案:y
111,党派:republican,残疾人婴幼儿法案:n,水项目费用分摊:?,预算决议案:n,医生费用冻结议案:y,萨尔瓦多援助:y,校园宗教团体决议:y,反卫星禁试决议:n,援助尼加拉瓜反政府:n,MX导弹议案:n,移民决议案:y,合成燃料公司削减决议:n,教育支出决议:y,超级基金起诉权:y,犯罪决议案:y,免税出口决议案:n,南非出口管理决议案:y
112,党派:democrat,残疾人婴幼儿法案:n,水项目费用分摊:?,预算决议案:y,医生费用冻结议案:n,萨尔瓦多援助:n,校园宗教团体决议:y,反卫星禁试决议:y,援助尼加拉瓜反政府:y,MX导弹议案:n,移民决议案:y,合成燃料公司削减决议:n,教育支出决议:n,超级基金起诉权:n,犯罪决议案:n,免税出口决议案:y,南非出口管理决议案:?
113,党派:republican,残疾人婴幼儿法案:n,水项目费用分摊:?,预算决议案:n,医生费用冻结议案:y,萨尔瓦多援助:y,校园宗教团体决议:y,反卫星禁试决议:n,援助尼加拉瓜反政府:n,MX导弹议案:n,移民决议案:y,合成燃料公司削减决议:n,教育支出决议:y,超级基金起诉权:y,犯罪决议案:y,免税出口决议案:n,南非出口管理决议案:n
114,党派:democrat,残疾人婴幼儿法案:y,水项目费用分摊:?,预算决议案:y,医生费用冻结议案:n,萨尔瓦多援助:n,校园宗教团体决议:n,反卫星禁试决议:y,援助尼加拉瓜反政府:y,MX导弹议案:y,移民决议案:n,合成燃料公司削减决议:n,教育支出决议:n,超级基金起诉权:n,犯罪决议案:n,免税出口决议案:y,南非出口管理决议案:?
115,党派:democrat,残疾人婴幼儿法案:n,水项目费用分摊:?,预算决议案:y,医生费用冻结议案:n,萨尔瓦多援助:?,校园宗教团体决议:?,反卫星禁试决议:y,援助尼加拉瓜反政府:y,MX导弹议案:y,移民决议案:y,合成燃料公司削减决议:?,教育支出决议:?,超级基金起诉权:n,犯罪决议案:n,免税出口决议案:y,南非出口管理决议案:y
116,党派:democrat,残疾人婴幼儿法案:y,水项目费用分摊:n,预算决议案:y,医生费用冻结议案:n,萨尔瓦多援助:n,校园宗教团体决议:n,反卫星禁试决议:y,援助尼加拉瓜反政府:y,MX导弹议案:y,移民决议案:n,合成燃料公司削减决议:y,教育支出决议:n,超级基金起诉权:n,犯罪决议案:n,免税出口决议案:y,南非出口管理决议案:y
117,党派:republican,残疾人婴幼儿法案:y,水项目费用分摊:y,预算决议案:y,医生费用冻结议案:y,萨尔瓦多援助:y,校园宗教团体决议:n,反卫星禁试决议:y,援助尼加拉瓜反政府:n,MX导弹议案:n,移民决议案:n,合成燃料公司削减决议:n,教育支出决议:y,超级基金起诉权:y,犯罪决议案:y,免税出口决议案:n,南非出口管理决议案:y
118,党派:democrat,残疾人婴幼儿法案:n,水项目费用分摊:y,预算决议案:y,医生费用冻结议案:n,萨尔瓦多援助:n,校园宗教团体决议:n,反卫星禁试决议:n,援助尼加拉瓜反政府:y,MX导弹议案:y,移民决议案:y,合成燃料公司削减决议:y,教育支出决议:n,超级基金起诉权:n,犯罪决议案:n,免税出口决议案:y,南非出口管理决议案:y
119,党派:republican,残疾人婴幼儿法案:n,水项目费用分摊:n,预算决议案:n,医生费用冻结议案:y,萨尔瓦多援助:y,校园宗教团体决议:y,反卫星禁试决议:n,援助尼加拉瓜反政府:n,MX导弹议案:n,移民决议案:n,合成燃料公司削减决议:n,教育支出决议:y,超级基金起诉权:y,犯罪决议案:y,免税出口决议案:n,南非出口管理决议案:n
120,党派:republican,残疾人婴幼儿法案:n,水项目费用分摊:?,预算决议案:?,医生费用冻结议案:y,萨尔瓦多援助:y,校园宗教团体决议:y,反卫星禁试决议:n,援助尼加拉瓜反政府:n,MX导弹议案:n,移民决议案:y,合成燃料公司削减决议:n,教育支出决议:y,超级基金起诉权:y,犯罪决议案:y,免税出口决议案:?,南非出口管理决议案:y
121,党派:republican,残疾人婴幼儿法案:n,水项目费用分摊:?,预算决议案:n,医生费用冻结议案:y,萨尔瓦多援助:y,校园宗教团体决议:y,反卫星禁试决议:n,援助尼加拉瓜反政府:n,MX导弹议案:n,移民决议案:y,合成燃料公司削减决议:n,教育支出决议:y,超级基金起诉权:y,犯罪决议案:y,免税出口决议案:n,南非出口管理决议案:y
122,党派:republican,残疾人婴幼儿法案:n,水项目费用分摊:n,预算决议案:n,医生费用冻结议案:y,萨尔瓦多援助:y,校园宗教团体决议:y,反卫星禁试决议:n,援助尼加拉瓜反政府:n,MX导弹议案:n,移民决议案:y,合成燃料公司削减决议:n,教育支出决议:y,超级基金起诉权:n,犯罪决议案:y,免税出口决议案:n,南非出口管理决议案:y
123,党派:republican,残疾人婴幼儿法案:y,水项目费用分摊:?,预算决议案:n,医生费用冻结议案:y,萨尔瓦多援助:y,校园宗教团体决议:y,反卫星禁试决议:n,援助尼加拉瓜反政府:y,MX导弹议案:n,移民决议案:n,合成燃料公司削减决议:n,教育支出决议:y,超级基金起诉权:y,犯罪决议案:y,免税出口决议案:n,南非出口管理决议案:y
124,党派:democrat,残疾人婴幼儿法案:n,水项目费用分摊:?,预算决议案:y,医生费用冻结议案:n,萨尔瓦多援助:n,校园宗教团体决议:n,反卫星禁试决议:y,援助尼加拉瓜反政府:y,MX导弹议案:y,移民决议案:n,合成燃料公司削减决议:n,教育支出决议:n,超级基金起诉权:n,犯罪决议案:n,免税出口决议案:y,南非出口管理决议案:y
125,党派:republican,残疾人婴幼儿法案:n,水项目费用分摊:?,预算决议案:n,医生费用冻结议案:y,萨尔瓦多援助:y,校园宗教团体决议:y,反卫星禁试决议:n,援助尼加拉瓜反政府:n,MX导弹议案:n,移民决议案:y,合成燃料公司削减决议:n,教育支出决议:y,超级基金起诉权:y,犯罪决议案:y,免税出口决议案:n,南非出口管理决议案:y
126,党派:republican,残疾人婴幼儿法案:n,水项目费用分摊:?,预算决议案:n,医生费用冻结议案:y,萨尔瓦多援助:y,校园宗教团体决议:y,反卫星禁试决议:n,援助尼加拉瓜反政府:n,MX导弹议案:n,移民决议案:n,合成燃料公司削减决议:n,教育支出决议:y,超级基金起诉权:y,犯罪决议案:y,免税出口决议案:n,南非出口管理决议案:n
127,党派:democrat,残疾人婴幼儿法案:n,水项目费用分摊:?,预算决议案:y,医生费用冻结议案:n,萨尔瓦多援助:n,校园宗教团体决议:n,反卫星禁试决议:y,援助尼加拉瓜反政府:y,MX导弹议案:y,移民决议案:y,合成燃料公司削减决议:y,教育支出决议:n,超级基金起诉权:n,犯罪决议案:y,免税出口决议案:y,南非出口管理决议案:y
128,党派:democrat,残疾人婴幼儿法案:n,水项目费用分摊:?,预算决议案:y,医生费用冻结议案:n,萨尔瓦多援助:n,校园宗教团体决议:y,反卫星禁试决议:n,援助尼加拉瓜反政府:y,MX导弹议案:n,移民决议案:y,合成燃料公司削减决议:y,教育支出决议:n,超级基金起诉权:n,犯罪决议案:n,免税出口决议案:y,南非出口管理决议案:y
129,党派:democrat,残疾人婴幼儿法案:?,水项目费用分摊:?,预算决议案:y,医生费用冻结议案:n,萨尔瓦多援助:n,校园宗教团体决议:n,反卫星禁试决议:y,援助尼加拉瓜反政府:y,MX导弹议案:?,移民决议案:n,合成燃料公司削减决议:?,教育支出决议:?,超级基金起诉权:?,犯罪决议案:?,免税出口决议案:?,南非出口管理决议案:?
130,党派:democrat,残疾人婴幼儿法案:y,水项目费用分摊:?,预算决议案:y,医生费用冻结议案:n,萨尔瓦多援助:?,校园宗教团体决议:?,反卫星禁试决议:y,援助尼加拉瓜反政府:y,MX导弹议案:y,移民决议案:n,合成燃料公司削减决议:n,教育支出决议:n,超级基金起诉权:n,犯罪决议案:n,免税出口决议案:y,南非出口管理决议案:?
131,党派:democrat,残疾人婴幼儿法案:n,水项目费用分摊:n,预算决议案:y,医生费用冻结议案:n,萨尔瓦多援助:n,校园宗教团体决议:y,反卫星禁试决议:n,援助尼加拉瓜反政府:y,MX导弹议案:y,移民决议案:y,合成燃料公司削减决议:n,教育支出决议:n,超级基金起诉权:n,犯罪决议案:y,免税出口决议案:n,南非出口管理决议案:y
132,党派:republican,残疾人婴幼儿法案:n,水项目费用分摊:n,预算决议案:n,医生费用冻结议案:y,萨尔瓦多援助:y,校园宗教团体决议:y,反卫星禁试决议:n,援助尼加拉瓜反政府:n,MX导弹议案:n,移民决议案:y,合成燃料公司削减决议:n,教育支出决议:y,超级基金起诉权:y,犯罪决议案:y,免税出口决议案:n,南非出口管理决议案:?
133,党派:republican,残疾人婴幼儿法案:n,水项目费用分摊:n,预算决议案:n,医生费用冻结议案:y,萨尔瓦多援助:y,校园宗教团体决议:y,反卫星禁试决议:n,援助尼加拉瓜反政府:n,MX导弹议案:n,移民决议案:y,合成燃料公司削减决议:n,教育支出决议:y,超级基金起诉权:y,犯罪决议案:y,免税出口决议案:n,南非出口管理决议案:y
134,党派:republican,残疾人婴幼儿法案:n,水项目费用分摊:n,预算决议案:n,医生费用冻结议案:y,萨尔瓦多援助:y,校园宗教团体决议:y,反卫星禁试决议:n,援助尼加拉瓜反政府:n,MX导弹议案:n,移民决议案:n,合成燃料公司削减决议:n,教育支出决议:y,超级基金起诉权:y,犯罪决议案:y,免税出口决议案:n,南非出口管理决议案:?
135,党派:republican,残疾人婴幼儿法案:n,水项目费用分摊:n,预算决议案:n,医生费用冻结议案:y,萨尔瓦多援助:y,校园宗教团体决议:y,反卫星禁试决议:n,援助尼加拉瓜反政府:n,MX导弹议案:n,移民决议案:y,合成燃料公司削减决议:n,教育支出决议:y,超级基金起诉权:y,犯罪决议案:y,免税出口决议案:n,南非出口管理决议案:n
136,党派:republican,残疾人婴幼儿法案:n,水项目费用分摊:y,预算决议案:n,医生费用冻结议案:y,萨尔瓦多援助:y,校园宗教团体决议:y,反卫星禁试决议:n,援助尼加拉瓜反政府:n,MX导弹议案:n,移民决议案:y,合成燃料公司削减决议:y,教育支出决议:y,超级基金起诉权:y,犯罪决议案:n,免税出口决议案:n,南非出口管理决议案:y
137,党派:democrat,残疾人婴幼儿法案:n,水项目费用分摊:?,预算决议案:y,医生费用冻结议案:n,萨尔瓦多援助:n,校园宗教团体决议:y,反卫星禁试决议:y,援助尼加拉瓜反政府:y,MX导弹议案:y,移民决议案:y,合成燃料公司削减决议:n,教育支出决议:n,超级基金起诉权:n,犯罪决议案:y,免税出口决议案:y,南非出口管理决议案:y
138,党派:democrat,残疾人婴幼儿法案:n,水项目费用分摊:n,预算决议案:y,医生费用冻结议案:n,萨尔瓦多援助:n,校园宗教团体决议:y,反卫星禁试决议:y,援助尼加拉瓜反政府:y,MX导弹议案:y,移民决议案:y,合成燃料公司削减决议:n,教育支出决议:n,超级基金起诉权:n,犯罪决议案:y,免税出口决议案:n,南非出口管理决议案:y
139,党派:democrat,残疾人婴幼儿法案:y,水项目费用分摊:n,预算决议案:y,医生费用冻结议案:n,萨尔瓦多援助:n,校园宗教团体决议:y,反卫星禁试决议:y,援助尼加拉瓜反政府:y,MX导弹议案:y,移民决议案:n,合成燃料公司削减决议:n,教育支出决议:n,超级基金起诉权:n,犯罪决议案:n,免税出口决议案:y,南非出口管理决议案:y
140,党派:republican,残疾人婴幼儿法案:n,水项目费用分摊:n,预算决议案:n,医生费用冻结议案:y,萨尔瓦多援助:n,校园宗教团体决议:n,反卫星禁试决议:y,援助尼加拉瓜反政府:y,MX导弹议案:y,移民决议案:y,合成燃料公司削减决议:n,教育支出决议:n,超级基金起诉权:y,犯罪决议案:y,免税出口决议案:n,南非出口管理决议案:y
141,党派:republican,残疾人婴幼儿法案:n,水项目费用分摊:n,预算决议案:n,医生费用冻结议案:y,萨尔瓦多援助:y,校园宗教团体决议:y,反卫星禁试决议:y,援助尼加拉瓜反政府:y,MX导弹议案:y,移民决议案:y,合成燃料公司削减决议:n,教育支出决议:y,超级基金起诉权:y,犯罪决议案:y,免税出口决议案:?,南非出口管理决议案:y
142,党派:republican,残疾人婴幼儿法案:n,水项目费用分摊:n,预算决议案:n,医生费用冻结议案:y,萨尔瓦多援助:y,校园宗教团体决议:y,反卫星禁试决议:y,援助尼加拉瓜反政府:y,MX导弹议案:y,移民决议案:y,合成燃料公司削减决议:n,教育支出决议:y,超级基金起诉权:y,犯罪决议案:y,免税出口决议案:n,南非出口管理决议案:y
143,党派:democrat,残疾人婴幼儿法案:?,水项目费用分摊:y,预算决议案:n,医生费用冻结议案:n,萨尔瓦多援助:n,校园宗教团体决议:n,反卫星禁试决议:y,援助尼加拉瓜反政府:y,MX导弹议案:y,移民决议案:y,合成燃料公司削减决议:y,教育支出决议:n,超级基金起诉权:n,犯罪决议案:y,免税出口决议案:y,南非出口管理决议案:y
144,党派:democrat,残疾人婴幼儿法案:n,水项目费用分摊:?,预算决议案:n,医生费用冻结议案:n,萨尔瓦多援助:n,校园宗教团体决议:y,反卫星禁试决议:y,援助尼加拉瓜反政府:y,MX导弹议案:y,移民决议案:y,合成燃料公司削减决议:n,教育支出决议:n,超级基金起诉权:n,犯罪决议案:y,免税出口决议案:n,南非出口管理决议案:?
145,党派:democrat,残疾人婴幼儿法案:n,水项目费用分摊:n,预算决议案:y,医生费用冻结议案:n,萨尔瓦多援助:n,校园宗教团体决议:y,反卫星禁试决议:y,援助尼加拉瓜反政府:y,MX导弹议案:y,移民决议案:y,合成燃料公司削减决议:n,教育支出决议:n,超级基金起诉权:n,犯罪决议案:y,免税出口决议案:?,南非出口管理决议案:y
146,党派:republican,残疾人婴幼儿法案:n,水项目费用分摊:y,预算决议案:n,医生费用冻结议案:y,萨尔瓦多援助:y,校园宗教团体决议:y,反卫星禁试决议:n,援助尼加拉瓜反政府:n,MX导弹议案:n,移民决议案:n,合成燃料公司削减决议:n,教育支出决议:y,超级基金起诉权:y,犯罪决议案:y,免税出口决议案:n,南非出口管理决议案:y
147,党派:democrat,残疾人婴幼儿法案:n,水项目费用分摊:n,预算决议案:n,医生费用冻结议案:n,萨尔瓦多援助:n,校园宗教团体决议:n,反卫星禁试决议:y,援助尼加拉瓜反政府:y,MX导弹议案:y,移民决议案:y,合成燃料公司削减决议:n,教育支出决议:y,超级基金起诉权:y,犯罪决议案:y,免税出口决议案:y,南非出口管理决议案:y
148,党派:republican,残疾人婴幼儿法案:n,水项目费用分摊:y,预算决议案:n,医生费用冻结议案:y,萨尔瓦多援助:y,校园宗教团体决议:y,反卫星禁试决议:n,援助尼加拉瓜反政府:n,MX导弹议案:n,移民决议案:y,合成燃料公司削减决议:y,教育支出决议:y,超级基金起诉权:y,犯罪决议案:y,免税出口决议案:n,南非出口管理决议案:y
149,党派:democrat,残疾人婴幼儿法案:n,水项目费用分摊:n,预算决议案:y,医生费用冻结议案:n,萨尔瓦多援助:n,校园宗教团体决议:n,反卫星禁试决议:y,援助尼加拉瓜反政府:y,MX导弹议案:y,移民决议案:y,合成燃料公司削减决议:n,教育支出决议:n,超级基金起诉权:y,犯罪决议案:n,免税出口决议案:y,南非出口管理决议案:y
150,党派:republican,残疾人婴幼儿法案:y,水项目费用分摊:y,预算决议案:n,医生费用冻结议案:y,萨尔瓦多援助:y,校园宗教团体决议:y,反卫星禁试决议:n,援助尼加拉瓜反政府:n,MX导弹议案:n,移民决议案:y,合成燃料公司削减决议:n,教育支出决议:y,超级基金起诉权:y,犯罪决议案:y,免税出口决议案:n,南非出口管理决议案:y
151,党派:democrat,残疾人婴幼儿法案:y,水项目费用分摊:y,预算决议案:?,医生费用冻结议案:y,萨尔瓦多援助:y,校园宗教团体决议:y,反卫星禁试决议:n,援助尼加拉瓜反政府:n,MX导弹议案:y,移民决议案:n,合成燃料公司削减决议:y,教育支出决议:?,超级基金起诉权:y,犯罪决议案:y,免税出口决议案:n,南非出口管理决议案:n
152,党派:democrat,残疾人婴幼儿法案:n,水项目费用分摊:y,预算决议案:y,医生费用冻结议案:n,萨尔瓦多援助:n,校园宗教团体决议:y,反卫星禁试决议:n,援助尼加拉瓜反政府:y,MX导弹议案:y,移民决议案:y,合成燃料公司削减决议:y,教育支出决议:n,超级基金起诉权:y,犯罪决议案:n,免税出口决议案:y,南非出口管理决议案:y
153,党派:democrat,残疾人婴幼儿法案:n,水项目费用分摊:n,预算决议案:y,医生费用冻结议案:n,萨尔瓦多援助:n,校园宗教团体决议:y,反卫星禁试决议:y,援助尼加拉瓜反政府:y,MX导弹议案:y,移民决议案:y,合成燃料公司削减决议:y,教育支出决议:n,超级基金起诉权:y,犯罪决议案:y,免税出口决议案:n,南非出口管理决议案:y
154,党派:republican,残疾人婴幼儿法案:n,水项目费用分摊:y,预算决议案:n,医生费用冻结议案:y,萨尔瓦多援助:y,校园宗教团体决议:y,反卫星禁试决议:n,援助尼加拉瓜反政府:n,MX导弹议案:n,移民决议案:n,合成燃料公司削减决议:n,教育支出决议:y,超级基金起诉权:y,犯罪决议案:y,免税出口决议案:n,南非出口管理决议案:n
155,党派:republican,残疾人婴幼儿法案:y,水项目费用分摊:y,预算决议案:n,医生费用冻结议案:y,萨尔瓦多援助:y,校园宗教团体决议:y,反卫星禁试决议:n,援助尼加拉瓜反政府:?,MX导弹议案:n,移民决议案:n,合成燃料公司削减决议:y,教育支出决议:y,超级基金起诉权:y,犯罪决议案:y,免税出口决议案:n,南非出口管理决议案:n
156,党派:republican,残疾人婴幼儿法案:y,水项目费用分摊:y,预算决议案:n,医生费用冻结议案:y,萨尔瓦多援助:y,校园宗教团体决议:y,反卫星禁试决议:y,援助尼加拉瓜反政府:n,MX导弹议案:n,移民决议案:n,合成燃料公司削减决议:n,教育支出决议:y,超级基金起诉权:y,犯罪决议案:y,免税出口决议案:n,南非出口管理决议案:n
157,党派:democrat,残疾人婴幼儿法案:n,水项目费用分摊:y,预算决议案:y,医生费用冻结议案:n,萨尔瓦多援助:n,校园宗教团体决议:y,反卫星禁试决议:n,援助尼加拉瓜反政府:y,MX导弹议案:y,移民决议案:n,合成燃料公司削减决议:y,教育支出决议:n,超级基金起诉权:?,犯罪决议案:?,免税出口决议案:?,南非出口管理决议案:?
158,党派:republican,残疾人婴幼儿法案:n,水项目费用分摊:y,预算决议案:n,医生费用冻结议案:y,萨尔瓦多援助:y,校园宗教团体决议:y,反卫星禁试决议:n,援助尼加拉瓜反政府:n,MX导弹议案:n,移民决议案:y,合成燃料公司削减决议:n,教育支出决议:y,超级基金起诉权:y,犯罪决议案:y,免税出口决议案:n,南非出口管理决议案:n
159,党派:democrat,残疾人婴幼儿法案:n,水项目费用分摊:y,预算决议案:y,医生费用冻结议案:n,萨尔瓦多援助:?,校园宗教团体决议:y,反卫星禁试决议:y,援助尼加拉瓜反政府:y,MX导弹议案:y,移民决议案:y,合成燃料公司削减决议:y,教育支出决议:n,超级基金起诉权:n,犯罪决议案:?,免税出口决议案:n,南非出口管理决议案:?
160,党派:democrat,残疾人婴幼儿法案:n,水项目费用分摊:y,预算决议案:n,医生费用冻结议案:n,萨尔瓦多援助:y,校园宗教团体决议:y,反卫星禁试决议:n,援助尼加拉瓜反政府:n,MX导弹议案:n,移民决议案:n,合成燃料公司削减决议:n,教育支出决议:y,超级基金起诉权:y,犯罪决议案:y,免税出口决议案:y,南非出口管理决议案:y
161,党派:democrat,残疾人婴幼儿法案:n,水项目费用分摊:n,预算决议案:n,医生费用冻结议案:n,萨尔瓦多援助:y,校园宗教团体决议:y,反卫星禁试决议:y,援助尼加拉瓜反政府:n,MX导弹议案:n,移民决议案:n,合成燃料公司削减决议:n,教育支出决议:y,超级基金起诉权:y,犯罪决议案:y,免税出口决议案:n,南非出口管理决议案:y
162,党派:democrat,残疾人婴幼儿法案:n,水项目费用分摊:y,预算决议案:y,医生费用冻结议案:n,萨尔瓦多援助:y,校园宗教团体决议:y,反卫星禁试决议:y,援助尼加拉瓜反政府:n,MX导弹议案:n,移民决议案:n,合成燃料公司削减决议:y,教育支出决议:y,超级基金起诉权:y,犯罪决议案:y,免税出口决议案:n,南非出口管理决议案:y
163,党派:republican,残疾人婴幼儿法案:n,水项目费用分摊:y,预算决议案:n,医生费用冻结议案:y,萨尔瓦多援助:y,校园宗教团体决议:y,反卫星禁试决议:y,援助尼加拉瓜反政府:n,MX导弹议案:n,移民决议案:n,合成燃料公司削减决议:n,教育支出决议:y,超级基金起诉权:y,犯罪决议案:y,免税出口决议案:n,南非出口管理决议案:y
164,党派:democrat,残疾人婴幼儿法案:y,水项目费用分摊:y,预算决议案:n,医生费用冻结议案:n,萨尔瓦多援助:y,校园宗教团体决议:y,反卫星禁试决议:n,援助尼加拉瓜反政府:n,MX导弹议案:n,移民决议案:y,合成燃料公司削减决议:y,教育支出决议:y,超级基金起诉权:y,犯罪决议案:y,免税出口决议案:n,南非出口管理决议案:?
165,党派:democrat,残疾人婴幼儿法案:n,水项目费用分摊:y,预算决议案:y,医生费用冻结议案:n,萨尔瓦多援助:n,校园宗教团体决议:y,反卫星禁试决议:y,援助尼加拉瓜反政府:y,MX导弹议案:y,移民决议案:y,合成燃料公司削减决议:y,教育支出决议:n,超级基金起诉权:y,犯罪决议案:n,免税出口决议案:y,南非出口管理决议案:?
166,党派:republican,残疾人婴幼儿法案:y,水项目费用分摊:n,预算决议案:y,医生费用冻结议案:y,萨尔瓦多援助:y,校园宗教团体决议:y,反卫星禁试决议:y,援助尼加拉瓜反政府:y,MX导弹议案:n,移民决议案:y,合成燃料公司削减决议:n,教育支出决议:y,超级基金起诉权:n,犯罪决议案:y,免税出口决议案:y,南非出口管理决议案:y
167,党派:republican,残疾人婴幼儿法案:y,水项目费用分摊:n,预算决议案:y,医生费用冻结议案:y,萨尔瓦多援助:y,校园宗教团体决议:y,反卫星禁试决议:y,援助尼加拉瓜反政府:y,MX导弹议案:n,移民决议案:y,合成燃料公司削减决议:y,教育支出决议:y,超级基金起诉权:n,犯罪决议案:y,免税出口决议案:y,南非出口管理决议案:y
168,党派:democrat,残疾人婴幼儿法案:n,水项目费用分摊:n,预算决议案:y,医生费用冻结议案:y,萨尔瓦多援助:y,校园宗教团体决议:y,反卫星禁试决议:n,援助尼加拉瓜反政府:n,MX导弹议案:y,移民决议案:n,合成燃料公司削减决议:n,教育支出决议:n,超级基金起诉权:y,犯罪决议案:y,免税出口决议案:y,南非出口管理决议案:?
169,党派:democrat,残疾人婴幼儿法案:y,水项目费用分摊:n,预算决议案:y,医生费用冻结议案:n,萨尔瓦多援助:n,校园宗教团体决议:n,反卫星禁试决议:y,援助尼加拉瓜反政府:y,MX导弹议案:y,移民决议案:y,合成燃料公司削减决议:y,教育支出决议:n,超级基金起诉权:n,犯罪决议案:y,免税出口决议案:n,南非出口管理决议案:y
170,党派:democrat,残疾人婴幼儿法案:y,水项目费用分摊:n,预算决议案:y,医生费用冻结议案:n,萨尔瓦多援助:n,校园宗教团体决议:n,反卫星禁试决议:?,援助尼加拉瓜反政府:y,MX导弹议案:y,移民决议案:?,合成燃料公司削减决议:n,教育支出决议:n,超级基金起诉权:n,犯罪决议案:n,免税出口决议案:y,南非出口管理决议案:?
171,党派:republican,残疾人婴幼儿法案:n,水项目费用分摊:?,预算决议案:n,医生费用冻结议案:y,萨尔瓦多援助:y,校园宗教团体决议:y,反卫星禁试决议:n,援助尼加拉瓜反政府:n,MX导弹议案:n,移民决议案:y,合成燃料公司削减决议:n,教育支出决议:y,超级基金起诉权:y,犯罪决议案:y,免税出口决议案:n,南非出口管理决议案:y
172,党派:democrat,残疾人婴幼儿法案:n,水项目费用分摊:y,预算决议案:y,医生费用冻结议案:n,萨尔瓦多援助:n,校园宗教团体决议:n,反卫星禁试决议:y,援助尼加拉瓜反政府:y,MX导弹议案:y,移民决议案:y,合成燃料公司削减决议:n,教育支出决议:n,超级基金起诉权:?,犯罪决议案:n,免税出口决议案:y,南非出口管理决议案:y
173,党派:democrat,残疾人婴幼儿法案:n,水项目费用分摊:n,预算决议案:n,医生费用冻结议案:n,萨尔瓦多援助:y,校园宗教团体决议:y,反卫星禁试决议:n,援助尼加拉瓜反政府:n,MX导弹议案:n,移民决议案:y,合成燃料公司削减决议:y,教育支出决议:y,超级基金起诉权:y,犯罪决议案:y,免税出口决议案:n,南非出口管理决议案:y
174,党派:democrat,残疾人婴幼儿法案:y,水项目费用分摊:?,预算决议案:y,医生费用冻结议案:n,萨尔瓦多援助:n,校园宗教团体决议:n,反卫星禁试决议:y,援助尼加拉瓜反政府:y,MX导弹议案:y,移民决议案:n,合成燃料公司削减决议:n,教育支出决议:n,超级基金起诉权:n,犯罪决议案:n,免税出口决议案:y,南非出口管理决议案:?
175,党派:democrat,残疾人婴幼儿法案:n,水项目费用分摊:y,预算决议案:y,医生费用冻结议案:n,萨尔瓦多援助:n,校园宗教团体决议:n,反卫星禁试决议:y,援助尼加拉瓜反政府:y,MX导弹议案:y,移民决议案:y,合成燃料公司削减决议:n,教育支出决议:n,超级基金起诉权:n,犯罪决议案:n,免税出口决议案:y,南非出口管理决议案:y
176,党派:republican,残疾人婴幼儿法案:n,水项目费用分摊:n,预算决议案:y,医生费用冻结议案:y,萨尔瓦多援助:n,校园宗教团体决议:n,反卫星禁试决议:y,援助尼加拉瓜反政府:y,MX导弹议案:y,移民决议案:y,合成燃料公司削减决议:n,教育支出决议:n,超级基金起诉权:n,犯罪决议案:y,免税出口决议案:y,南非出口管理决议案:y
177,党派:democrat,残疾人婴幼儿法案:n,水项目费用分摊:n,预算决议案:y,医生费用冻结议案:n,萨尔瓦多援助:n,校园宗教团体决议:n,反卫星禁试决议:y,援助尼加拉瓜反政府:y,MX导弹议案:y,移民决议案:y,合成燃料公司削减决议:y,教育支出决议:?,超级基金起诉权:n,犯罪决议案:n,免税出口决议案:y,南非出口管理决议案:y
178,党派:democrat,残疾人婴幼儿法案:?,水项目费用分摊:n,预算决议案:y,医生费用冻结议案:n,萨尔瓦多援助:n,校园宗教团体决议:n,反卫星禁试决议:y,援助尼加拉瓜反政府:y,MX导弹议案:y,移民决议案:y,合成燃料公司削减决议:y,教育支出决议:?,超级基金起诉权:n,犯罪决议案:n,免税出口决议案:y,南非出口管理决议案:?
179,党派:democrat,残疾人婴幼儿法案:y,水项目费用分摊:n,预算决议案:y,医生费用冻结议案:n,萨尔瓦多援助:n,校园宗教团体决议:n,反卫星禁试决议:y,援助尼加拉瓜反政府:y,MX导弹议案:y,移民决议案:y,合成燃料公司削减决议:n,教育支出决议:n,超级基金起诉权:n,犯罪决议案:n,免税出口决议案:y,南非出口管理决议案:y
180,党派:democrat,残疾人婴幼儿法案:?,水项目费用分摊:?,预算决议案:y,医生费用冻结议案:n,萨尔瓦多援助:n,校园宗教团体决议:n,反卫星禁试决议:y,援助尼加拉瓜反政府:y,MX导弹议案:y,移民决议案:?,合成燃料公司削减决议:?,教育支出决议:n,超级基金起诉权:n,犯罪决议案:n,免税出口决议案:?,南非出口管理决议案:?
181,党派:democrat,残疾人婴幼儿法案:n,水项目费用分摊:n,预算决议案:y,医生费用冻结议案:n,萨尔瓦多援助:n,校园宗教团体决议:n,反卫星禁试决议:y,援助尼加拉瓜反政府:y,MX导弹议案:y,移民决议案:y,合成燃料公司削减决议:y,教育支出决议:n,超级基金起诉权:n,犯罪决议案:n,免税出口决议案:y,南非出口管理决议案:y
182,党派:democrat,残疾人婴幼儿法案:y,水项目费用分摊:?,预算决议案:y,医生费用冻结议案:n,萨尔瓦多援助:n,校园宗教团体决议:n,反卫星禁试决议:y,援助尼加拉瓜反政府:y,MX导弹议案:y,移民决议案:n,合成燃料公司削减决议:n,教育支出决议:n,超级基金起诉权:n,犯罪决议案:n,免税出口决议案:y,南非出口管理决议案:y
183,党派:democrat,残疾人婴幼儿法案:?,水项目费用分摊:?,预算决议案:?,医生费用冻结议案:?,萨尔瓦多援助:?,校园宗教团体决议:?,反卫星禁试决议:?,援助尼加拉瓜反政府:?,MX导弹议案:y,移民决议案:?,合成燃料公司削减决议:?,教育支出决议:?,超级基金起诉权:?,犯罪决议案:?,免税出口决议案:?,南非出口管理决议案:?
184,党派:democrat,残疾人婴幼儿法案:n,水项目费用分摊:n,预算决议案:y,医生费用冻结议案:n,萨尔瓦多援助:n,校园宗教团体决议:n,反卫星禁试决议:y,援助尼加拉瓜反政府:y,MX导弹议案:y,移民决议案:y,合成燃料公司削减决议:y,教育支出决议:n,超级基金起诉权:n,犯罪决议案:n,免税出口决议案:y,南非出口管理决议案:y
185,党派:democrat,残疾人婴幼儿法案:y,水项目费用分摊:n,预算决议案:y,医生费用冻结议案:n,萨尔瓦多援助:n,校园宗教团体决议:n,反卫星禁试决议:y,援助尼加拉瓜反政府:y,MX导弹议案:y,移民决议案:y,合成燃料公司削减决议:n,教育支出决议:?,超级基金起诉权:n,犯罪决议案:n,免税出口决议案:y,南非出口管理决议案:y
186,党派:democrat,残疾人婴幼儿法案:n,水项目费用分摊:y,预算决议案:y,医生费用冻结议案:n,萨尔瓦多援助:n,校园宗教团体决议:n,反卫星禁试决议:y,援助尼加拉瓜反政府:y,MX导弹议案:y,移民决议案:y,合成燃料公司削减决议:y,教育支出决议:n,超级基金起诉权:n,犯罪决议案:n,免税出口决议案:y,南非出口管理决议案:y
187,党派:democrat,残疾人婴幼儿法案:y,水项目费用分摊:n,预算决议案:y,医生费用冻结议案:n,萨尔瓦多援助:n,校园宗教团体决议:n,反卫星禁试决议:y,援助尼加拉瓜反政府:y,MX导弹议案:y,移民决议案:n,合成燃料公司削减决议:n,教育支出决议:n,超级基金起诉权:n,犯罪决议案:n,免税出口决议案:y,南非出口管理决议案:?
188,党派:republican,残疾人婴幼儿法案:y,水项目费用分摊:?,预算决议案:n,医生费用冻结议案:y,萨尔瓦多援助:y,校园宗教团体决议:y,反卫星禁试决议:y,援助尼加拉瓜反政府:y,MX导弹议案:n,移民决议案:n,合成燃料公司削减决议:n,教育支出决议:y,超级基金起诉权:?,犯罪决议案:y,免税出口决议案:?,南非出口管理决议案:?
189,党派:democrat,残疾人婴幼儿法案:y,水项目费用分摊:n,预算决议案:y,医生费用冻结议案:n,萨尔瓦多援助:n,校园宗教团体决议:n,反卫星禁试决议:y,援助尼加拉瓜反政府:y,MX导弹议案:y,移民决议案:n,合成燃料公司削减决议:n,教育支出决议:n,超级基金起诉权:n,犯罪决议案:n,免税出口决议案:y,南非出口管理决议案:y
190,党派:republican,残疾人婴幼儿法案:n,水项目费用分摊:?,预算决议案:n,医生费用冻结议案:y,萨尔瓦多援助:y,校园宗教团体决议:y,反卫星禁试决议:n,援助尼加拉瓜反政府:n,MX导弹议案:n,移民决议案:n,合成燃料公司削减决议:n,教育支出决议:y,超级基金起诉权:y,犯罪决议案:y,免税出口决议案:n,南非出口管理决议案:?
191,党派:republican,残疾人婴幼儿法案:n,水项目费用分摊:y,预算决议案:n,医生费用冻结议案:y,萨尔瓦多援助:y,校园宗教团体决议:y,反卫星禁试决议:n,援助尼加拉瓜反政府:?,MX导弹议案:n,移民决议案:y,合成燃料公司削减决议:n,教育支出决议:y,超级基金起诉权:y,犯罪决议案:y,免税出口决议案:n,南非出口管理决议案:?
192,党派:democrat,残疾人婴幼儿法案:n,水项目费用分摊:n,预算决议案:n,医生费用冻结议案:n,萨尔瓦多援助:n,校园宗教团体决议:y,反卫星禁试决议:y,援助尼加拉瓜反政府:y,MX导弹议案:y,移民决议案:n,合成燃料公司削减决议:y,教育支出决议:n,超级基金起诉权:n,犯罪决议案:y,免税出口决议案:y,南非出口管理决议案:y
193,党派:democrat,残疾人婴幼儿法案:n,水项目费用分摊:n,预算决议案:y,医生费用冻结议案:n,萨尔瓦多援助:n,校园宗教团体决议:n,反卫星禁试决议:y,援助尼加拉瓜反政府:y,MX导弹议案:y,移民决议案:n,合成燃料公司削减决议:n,教育支出决议:n,超级基金起诉权:n,犯罪决议案:n,免税出口决议案:y,南非出口管理决议案:y
194,党派:democrat,残疾人婴幼儿法案:n,水项目费用分摊:n,预算决议案:y,医生费用冻结议案:n,萨尔瓦多援助:n,校园宗教团体决议:y,反卫星禁试决议:y,援助尼加拉瓜反政府:?,MX导弹议案:y,移民决议案:y,合成燃料公司削减决议:y,教育支出决议:n,超级基金起诉权:n,犯罪决议案:n,免税出口决议案:y,南非出口管理决议案:y
195,党派:republican,残疾人婴幼儿法案:n,水项目费用分摊:n,预算决议案:n,医生费用冻结议案:y,萨尔瓦多援助:y,校园宗教团体决议:y,反卫星禁试决议:n,援助尼加拉瓜反政府:n,MX导弹议案:n,移民决议案:n,合成燃料公司削减决议:n,教育支出决议:y,超级基金起诉权:y,犯罪决议案:y,免税出口决议案:n,南非出口管理决议案:?
196,党派:democrat,残疾人婴幼儿法案:n,水项目费用分摊:n,预算决议案:y,医生费用冻结议案:n,萨尔瓦多援助:n,校园宗教团体决议:y,反卫星禁试决议:y,援助尼加拉瓜反政府:y,MX导弹议案:y,移民决议案:n,合成燃料公司削减决议:y,教育支出决议:y,超级基金起诉权:n,犯罪决议案:y,免税出口决议案:y,南非出口管理决议案:?
197,党派:republican,残疾人婴幼儿法案:n,水项目费用分摊:?,预算决议案:y,医生费用冻结议案:y,萨尔瓦多援助:y,校园宗教团体决议:y,反卫星禁试决议:n,援助尼加拉瓜反政府:n,MX导弹议案:n,移民决议案:y,合成燃料公司削减决议:n,教育支出决议:n,超级基金起诉权:n,犯罪决议案:y,免税出口决议案:n,南非出口管理决议案:y
198,党派:democrat,残疾人婴幼儿法案:n,水项目费用分摊:n,预算决议案:y,医生费用冻结议案:n,萨尔瓦多援助:n,校园宗教团体决议:n,反卫星禁试决议:y,援助尼加拉瓜反政府:y,MX导弹议案:y,移民决议案:y,合成燃料公司削减决议:y,教育支出决议:n,超级基金起诉权:?,犯罪决议案:n,免税出口决议案:y,南非出口管理决议案:?
199,党派:democrat,残疾人婴幼儿法案:y,水项目费用分摊:y,预算决议案:n,医生费用冻结议案:n,萨尔瓦多援助:n,校园宗教团体决议:n,反卫星禁试决议:y,援助尼加拉瓜反政府:y,MX导弹议案:?,移民决议案:n,合成燃料公司削减决议:y,教育支出决议:n,超级基金起诉权:n,犯罪决议案:n,免税出口决议案:y,南非出口管理决议案:?
200,党派:democrat,残疾人婴幼儿法案:n,水项目费用分摊:n,预算决议案:y,医生费用冻结议案:n,萨尔瓦多援助:n,校园宗教团体决议:n,反卫星禁试决议:y,援助尼加拉瓜反政府:y,MX导弹议案:y,移民决议案:n,合成燃料公司削减决议:n,教育支出决议:n,超级基金起诉权:n,犯罪决议案:y,免税出口决议案:y,南非出口管理决议案:y
201,党派:democrat,残疾人婴幼儿法案:y,水项目费用分摊:y,预算决议案:y,医生费用冻结议案:n,萨尔瓦多援助:n,校园宗教团体决议:n,反卫星禁试决议:y,援助尼加拉瓜反政府:y,MX导弹议案:y,移民决议案:n,合成燃料公司削减决议:n,教育支出决议:n,超级基金起诉权:n,犯罪决议案:n,免税出口决议案:y,南非出口管理决议案:y
202,党派:democrat,残疾人婴幼儿法案:y,水项目费用分摊:n,预算决议案:y,医生费用冻结议案:n,萨尔瓦多援助:n,校园宗教团体决议:y,反卫星禁试决议:y,援助尼加拉瓜反政府:y,MX导弹议案:y,移民决议案:y,合成燃料公司削减决议:y,教育支出决议:n,超级基金起诉权:n,犯罪决议案:n,免税出口决议案:y,南非出口管理决议案:y
203,党派:democrat,残疾人婴幼儿法案:y,水项目费用分摊:n,预算决议案:y,医生费用冻结议案:n,萨尔瓦多援助:n,校园宗教团体决议:n,反卫星禁试决议:y,援助尼加拉瓜反政府:y,MX导弹议案:y,移民决议案:y,合成燃料公司削减决议:n,教育支出决议:n,超级基金起诉权:n,犯罪决议案:n,免税出口决议案:y,南非出口管理决议案:y
204,党派:republican,残疾人婴幼儿法案:n,水项目费用分摊:n,预算决议案:y,医生费用冻结议案:y,萨尔瓦多援助:y,校园宗教团体决议:y,反卫星禁试决议:y,援助尼加拉瓜反政府:n,MX导弹议案:n,移民决议案:n,合成燃料公司削减决议:n,教育支出决议:y,超级基金起诉权:y,犯罪决议案:y,免税出口决议案:n,南非出口管理决议案:y
205,党派:democrat,残疾人婴幼儿法案:n,水项目费用分摊:n,预算决议案:y,医生费用冻结议案:n,萨尔瓦多援助:n,校园宗教团体决议:y,反卫星禁试决议:y,援助尼加拉瓜反政府:y,MX导弹议案:y,移民决议案:y,合成燃料公司削减决议:n,教育支出决议:y,超级基金起诉权:n,犯罪决议案:n,免税出口决议案:n,南非出口管理决议案:y
206,党派:republican,残疾人婴幼儿法案:n,水项目费用分摊:n,预算决议案:n,医生费用冻结议案:y,萨尔瓦多援助:y,校园宗教团体决议:y,反卫星禁试决议:n,援助尼加拉瓜反政府:n,MX导弹议案:n,移民决议案:y,合成燃料公司削减决议:n,教育支出决议:y,超级基金起诉权:n,犯罪决议案:y,免税出口决议案:n,南非出口管理决议案:y
207,党派:republican,残疾人婴幼儿法案:y,水项目费用分摊:?,预算决议案:n,医生费用冻结议案:y,萨尔瓦多援助:y,校园宗教团体决议:y,反卫星禁试决议:y,援助尼加拉瓜反政府:n,MX导弹议案:n,移民决议案:y,合成燃料公司削减决议:n,教育支出决议:y,超级基金起诉权:y,犯罪决议案:y,免税出口决议案:n,南非出口管理决议案:y
208,党派:democrat,残疾人婴幼儿法案:n,水项目费用分摊:n,预算决议案:y,医生费用冻结议案:n,萨尔瓦多援助:n,校园宗教团体决议:n,反卫星禁试决议:y,援助尼加拉瓜反政府:y,MX导弹议案:y,移民决议案:n,合成燃料公司削减决议:n,教育支出决议:?,超级基金起诉权:n,犯罪决议案:n,免税出口决议案:y,南非出口管理决议案:y
209,党派:democrat,残疾人婴幼儿法案:y,水项目费用分摊:y,预算决议案:y,医生费用冻结议案:n,萨尔瓦多援助:n,校园宗教团体决议:n,反卫星禁试决议:y,援助尼加拉瓜反政府:y,MX导弹议案:y,移民决议案:y,合成燃料公司削减决议:y,教育支出决议:n,超级基金起诉权:n,犯罪决议案:n,免税出口决议案:n,南非出口管理决议案:y
210,党派:democrat,残疾人婴幼儿法案:n,水项目费用分摊:n,预算决议案:y,医生费用冻结议案:n,萨尔瓦多援助:n,校园宗教团体决议:y,反卫星禁试决议:y,援助尼加拉瓜反政府:y,MX导弹议案:y,移民决议案:n,合成燃料公司削减决议:n,教育支出决议:n,超级基金起诉权:n,犯罪决议案:n,免税出口决议案:y,南非出口管理决议案:y
211,党派:republican,残疾人婴幼儿法案:n,水项目费用分摊:y,预算决议案:n,医生费用冻结议案:y,萨尔瓦多援助:y,校园宗教团体决议:y,反卫星禁试决议:n,援助尼加拉瓜反政府:n,MX导弹议案:n,移民决议案:y,合成燃料公司削减决议:n,教育支出决议:y,超级基金起诉权:y,犯罪决议案:y,免税出口决议案:n,南非出口管理决议案:y
212,党派:democrat,残疾人婴幼儿法案:n,水项目费用分摊:n,预算决议案:y,医生费用冻结议案:n,萨尔瓦多援助:n,校园宗教团体决议:n,反卫星禁试决议:y,援助尼加拉瓜反政府:y,MX导弹议案:y,移民决议案:n,合成燃料公司削减决议:y,教育支出决议:n,超级基金起诉权:n,犯罪决议案:n,免税出口决议案:y,南非出口管理决议案:y
213,党派:democrat,残疾人婴幼儿法案:n,水项目费用分摊:y,预算决议案:y,医生费用冻结议案:n,萨尔瓦多援助:n,校园宗教团体决议:y,反卫星禁试决议:n,援助尼加拉瓜反政府:y,MX导弹议案:y,移民决议案:n,合成燃料公司削减决议:y,教育支出决议:n,超级基金起诉权:y,犯罪决议案:n,免税出口决议案:y,南非出口管理决议案:y
214,党派:republican,残疾人婴幼儿法案:y,水项目费用分摊:y,预算决议案:n,医生费用冻结议案:y,萨尔瓦多援助:y,校园宗教团体决议:y,反卫星禁试决议:n,援助尼加拉瓜反政府:n,MX导弹议案:n,移民决议案:y,合成燃料公司削减决议:n,教育支出决议:y,超级基金起诉权:y,犯罪决议案:y,免税出口决议案:n,南非出口管理决议案:y
215,党派:democrat,残疾人婴幼儿法案:n,水项目费用分摊:y,预算决议案:y,医生费用冻结议案:y,萨尔瓦多援助:y,校园宗教团体决议:y,反卫星禁试决议:n,援助尼加拉瓜反政府:n,MX导弹议案:n,移民决议案:y,合成燃料公司削减决议:y,教育支出决议:y,超级基金起诉权:y,犯罪决议案:y,免税出口决议案:y,南非出口管理决议案:?
216,党派:democrat,残疾人婴幼儿法案:y,水项目费用分摊:y,预算决议案:y,医生费用冻结议案:n,萨尔瓦多援助:y,校园宗教团体决议:y,反卫星禁试决议:n,援助尼加拉瓜反政府:n,MX导弹议案:?,移民决议案:y,合成燃料公司削减决议:n,教育支出决议:n,超级基金起诉权:n,犯罪决议案:y,免税出口决议案:y,南非出口管理决议案:?
217,党派:republican,残疾人婴幼儿法案:n,水项目费用分摊:y,预算决议案:n,医生费用冻结议案:y,萨尔瓦多援助:y,校园宗教团体决议:y,反卫星禁试决议:n,援助尼加拉瓜反政府:n,MX导弹议案:n,移民决议案:y,合成燃料公司削减决议:n,教育支出决议:y,超级基金起诉权:y,犯罪决议案:y,免税出口决议案:n,南非出口管理决议案:n
218,党派:democrat,残疾人婴幼儿法案:y,水项目费用分摊:?,预算决议案:y,医生费用冻结议案:n,萨尔瓦多援助:n,校园宗教团体决议:n,反卫星禁试决议:y,援助尼加拉瓜反政府:y,MX导弹议案:y,移民决议案:n,合成燃料公司削减决议:?,教育支出决议:n,超级基金起诉权:n,犯罪决议案:n,免税出口决议案:y,南非出口管理决议案:?
219,党派:democrat,残疾人婴幼儿法案:n,水项目费用分摊:y,预算决议案:y,医生费用冻结议案:n,萨尔瓦多援助:n,校园宗教团体决议:n,反卫星禁试决议:n,援助尼加拉瓜反政府:y,MX导弹议案:y,移民决议案:n,合成燃料公司削减决议:y,教育支出决议:n,超级基金起诉权:n,犯罪决议案:y,免税出口决议案:y,南非出口管理决议案:y
220,党派:democrat,残疾人婴幼儿法案:n,水项目费用分摊:n,预算决议案:y,医生费用冻结议案:n,萨尔瓦多援助:n,校园宗教团体决议:n,反卫星禁试决议:y,援助尼加拉瓜反政府:y,MX导弹议案:y,移民决议案:n,合成燃料公司削减决议:n,教育支出决议:n,超级基金起诉权:n,犯罪决议案:n,免税出口决议案:y,南非出口管理决议案:?
221,党派:democrat,残疾人婴幼儿法案:n,水项目费用分摊:y,预算决议案:y,医生费用冻结议案:n,萨尔瓦多援助:y,校园宗教团体决议:y,反卫星禁试决议:n,援助尼加拉瓜反政府:n,MX导弹议案:n,移民决议案:n,合成燃料公司削减决议:y,教育支出决议:n,超级基金起诉权:n,犯罪决议案:n,免税出口决议案:y,南非出口管理决议案:?
222,党派:democrat,残疾人婴幼儿法案:y,水项目费用分摊:n,预算决议案:y,医生费用冻结议案:n,萨尔瓦多援助:n,校园宗教团体决议:n,反卫星禁试决议:y,援助尼加拉瓜反政府:y,MX导弹议案:y,移民决议案:n,合成燃料公司削减决议:y,教育支出决议:n,超级基金起诉权:n,犯罪决议案:n,免税出口决议案:y,南非出口管理决议案:?
223,党派:republican,残疾人婴幼儿法案:n,水项目费用分摊:n,预算决议案:n,医生费用冻结议案:y,萨尔瓦多援助:y,校园宗教团体决议:n,反卫星禁试决议:n,援助尼加拉瓜反政府:n,MX导弹议案:n,移民决议案:n,合成燃料公司削减决议:n,教育支出决议:y,超级基金起诉权:y,犯罪决议案:y,免税出口决议案:n,南非出口管理决议案:y
224,党派:republican,残疾人婴幼儿法案:n,水项目费用分摊:y,预算决议案:n,医生费用冻结议案:y,萨尔瓦多援助:y,校园宗教团体决议:y,反卫星禁试决议:n,援助尼加拉瓜反政府:n,MX导弹议案:n,移民决议案:y,合成燃料公司削减决议:n,教育支出决议:?,超级基金起诉权:y,犯罪决议案:y,免税出口决议案:n,南非出口管理决议案:n
225,党派:republican,残疾人婴幼儿法案:n,水项目费用分摊:?,预算决议案:n,医生费用冻结议案:y,萨尔瓦多援助:y,校园宗教团体决议:y,反卫星禁试决议:n,援助尼加拉瓜反政府:n,MX导弹议案:n,移民决议案:n,合成燃料公司削减决议:n,教育支出决议:y,超级基金起诉权:y,犯罪决议案:y,免税出口决议案:n,南非出口管理决议案:y
226,党派:democrat,残疾人婴幼儿法案:n,水项目费用分摊:n,预算决议案:y,医生费用冻结议案:n,萨尔瓦多援助:n,校园宗教团体决议:y,反卫星禁试决议:y,援助尼加拉瓜反政府:y,MX导弹议案:y,移民决议案:n,合成燃料公司削减决议:y,教育支出决议:n,超级基金起诉权:n,犯罪决议案:y,免税出口决议案:y,南非出口管理决议案:y
227,党派:democrat,残疾人婴幼儿法案:y,水项目费用分摊:n,预算决议案:y,医生费用冻结议案:n,萨尔瓦多援助:n,校园宗教团体决议:n,反卫星禁试决议:y,援助尼加拉瓜反政府:y,MX导弹议案:y,移民决议案:n,合成燃料公司削减决议:n,教育支出决议:n,超级基金起诉权:n,犯罪决议案:n,免税出口决议案:?,南非出口管理决议案:y
228,党派:republican,残疾人婴幼儿法案:n,水项目费用分摊:y,预算决议案:n,医生费用冻结议案:y,萨尔瓦多援助:y,校园宗教团体决议:y,反卫星禁试决议:n,援助尼加拉瓜反政府:n,MX导弹议案:n,移民决议案:n,合成燃料公司削减决议:n,教育支出决议:y,超级基金起诉权:y,犯罪决议案:?,免税出口决议案:n,南非出口管理决议案:y
229,党派:republican,残疾人婴幼儿法案:n,水项目费用分摊:y,预算决议案:y,医生费用冻结议案:y,萨尔瓦多援助:y,校园宗教团体决议:y,反卫星禁试决议:y,援助尼加拉瓜反政府:n,MX导弹议案:y,移民决议案:y,合成燃料公司削减决议:n,教育支出决议:y,超级基金起诉权:y,犯罪决议案:y,免税出口决议案:n,南非出口管理决议案:y
230,党派:republican,残疾人婴幼儿法案:n,水项目费用分摊:y,预算决议案:n,医生费用冻结议案:y,萨尔瓦多援助:y,校园宗教团体决议:y,反卫星禁试决议:n,援助尼加拉瓜反政府:n,MX导弹议案:n,移民决议案:n,合成燃料公司削减决议:n,教育支出决议:y,超级基金起诉权:y,犯罪决议案:y,免税出口决议案:n,南非出口管理决议案:y
231,党派:republican,残疾人婴幼儿法案:n,水项目费用分摊:y,预算决议案:n,医生费用冻结议案:y,萨尔瓦多援助:y,校园宗教团体决议:y,反卫星禁试决议:n,援助尼加拉瓜反政府:n,MX导弹议案:y,移民决议案:y,合成燃料公司削减决议:n,教育支出决议:y,超级基金起诉权:y,犯罪决议案:y,免税出口决议案:n,南非出口管理决议案:y
232,党派:democrat,残疾人婴幼儿法案:n,水项目费用分摊:y,预算决议案:y,医生费用冻结议案:n,萨尔瓦多援助:n,校园宗教团体决议:n,反卫星禁试决议:y,援助尼加拉瓜反政府:y,MX导弹议案:n,移民决议案:n,合成燃料公司削减决议:y,教育支出决议:n,超级基金起诉权:n,犯罪决议案:n,免税出口决议案:y,南非出口管理决议案:?
233,党派:republican,残疾人婴幼儿法案:n,水项目费用分摊:y,预算决议案:n,医生费用冻结议案:y,萨尔瓦多援助:y,校园宗教团体决议:y,反卫星禁试决议:n,援助尼加拉瓜反政府:n,MX导弹议案:n,移民决议案:y,合成燃料公司削减决议:n,教育支出决议:y,超级基金起诉权:y,犯罪决议案:y,免税出口决议案:n,南非出口管理决议案:y
234,党派:democrat,残疾人婴幼儿法案:n,水项目费用分摊:n,预算决议案:y,医生费用冻结议案:n,萨尔瓦多援助:n,校园宗教团体决议:y,反卫星禁试决议:y,援助尼加拉瓜反政府:y,MX导弹议案:y,移民决议案:y,合成燃料公司削减决议:n,教育支出决议:y,超级基金起诉权:n,犯罪决议案:y,免税出口决议案:y,南非出口管理决议案:?
235,党派:republican,残疾人婴幼儿法案:n,水项目费用分摊:n,预算决议案:n,医生费用冻结议案:y,萨尔瓦多援助:y,校园宗教团体决议:y,反卫星禁试决议:n,援助尼加拉瓜反政府:n,MX导弹议案:n,移民决议案:y,合成燃料公司削减决议:n,教育支出决议:y,超级基金起诉权:n,犯罪决议案:y,免税出口决议案:n,南非出口管理决议案:y
236,党派:democrat,残疾人婴幼儿法案:n,水项目费用分摊:n,预算决议案:y,医生费用冻结议案:n,萨尔瓦多援助:n,校园宗教团体决议:n,反卫星禁试决议:y,援助尼加拉瓜反政府:y,MX导弹议案:y,移民决议案:n,合成燃料公司削减决议:n,教育支出决议:n,超级基金起诉权:n,犯罪决议案:n,免税出口决议案:y,南非出口管理决议案:y
237,党派:democrat,残疾人婴幼儿法案:y,水项目费用分摊:n,预算决议案:y,医生费用冻结议案:n,萨尔瓦多援助:n,校园宗教团体决议:y,反卫星禁试决议:y,援助尼加拉瓜反政府:y,MX导弹议案:n,移民决议案:n,合成燃料公司削减决议:n,教育支出决议:y,超级基金起诉权:y,犯罪决议案:n,免税出口决议案:n,南非出口管理决议案:y
238,党派:democrat,残疾人婴幼儿法案:y,水项目费用分摊:y,预算决议案:y,医生费用冻结议案:n,萨尔瓦多援助:n,校园宗教团体决议:n,反卫星禁试决议:y,援助尼加拉瓜反政府:y,MX导弹议案:?,移民决议案:y,合成燃料公司削减决议:n,教育支出决议:n,超级基金起诉权:n,犯罪决议案:n,免税出口决议案:y,南非出口管理决议案:?
239,党派:republican,残疾人婴幼儿法案:n,水项目费用分摊:n,预算决议案:n,医生费用冻结议案:y,萨尔瓦多援助:y,校园宗教团体决议:y,反卫星禁试决议:y,援助尼加拉瓜反政府:n,MX导弹议案:n,移民决议案:y,合成燃料公司削减决议:n,教育支出决议:n,超级基金起诉权:n,犯罪决议案:y,免税出口决议案:y,南非出口管理决议案:y
240,党派:republican,残疾人婴幼儿法案:n,水项目费用分摊:n,预算决议案:n,医生费用冻结议案:y,萨尔瓦多援助:n,校园宗教团体决议:y,反卫星禁试决议:y,援助尼加拉瓜反政府:?,MX导弹议案:y,移民决议案:n,合成燃料公司削减决议:n,教育支出决议:y,超级基金起诉权:y,犯罪决议案:y,免税出口决议案:n,南非出口管理决议案:y
241,党派:democrat,残疾人婴幼儿法案:y,水项目费用分摊:n,预算决议案:y,医生费用冻结议案:n,萨尔瓦多援助:n,校园宗教团体决议:n,反卫星禁试决议:y,援助尼加拉瓜反政府:y,MX导弹议案:y,移民决议案:y,合成燃料公司削减决议:y,教育支出决议:n,超级基金起诉权:n,犯罪决议案:y,免税出口决议案:y,南非出口管理决议案:y
242,党派:republican,残疾人婴幼儿法案:n,水项目费用分摊:n,预算决议案:n,医生费用冻结议案:n,萨尔瓦多援助:y,校园宗教团体决议:y,反卫星禁试决议:y,援助尼加拉瓜反政府:n,MX导弹议案:n,移民决议案:n,合成燃料公司削减决议:n,教育支出决议:?,超级基金起诉权:n,犯罪决议案:y,免税出口决议案:y,南非出口管理决议案:y
243,党派:democrat,残疾人婴幼儿法案:n,水项目费用分摊:y,预算决议案:y,医生费用冻结议案:n,萨尔瓦多援助:n,校园宗教团体决议:n,反卫星禁试决议:y,援助尼加拉瓜反政府:y,MX导弹议案:?,移民决议案:y,合成燃料公司削减决议:n,教育支出决议:n,超级基金起诉权:y,犯罪决议案:n,免税出口决议案:y,南非出口管理决议案:y
244,党派:democrat,残疾人婴幼儿法案:y,水项目费用分摊:n,预算决议案:y,医生费用冻结议案:n,萨尔瓦多援助:n,校园宗教团体决议:n,反卫星禁试决议:n,援助尼加拉瓜反政府:y,MX导弹议案:y,移民决议案:y,合成燃料公司削减决议:n,教育支出决议:n,超级基金起诉权:n,犯罪决议案:n,免税出口决议案:y,南非出口管理决议案:y
245,党派:democrat,残疾人婴幼儿法案:y,水项目费用分摊:n,预算决议案:y,医生费用冻结议案:n,萨尔瓦多援助:n,校园宗教团体决议:n,反卫星禁试决议:y,援助尼加拉瓜反政府:y,MX导弹议案:y,移民决议案:y,合成燃料公司削减决议:y,教育支出决议:n,超级基金起诉权:n,犯罪决议案:n,免税出口决议案:y,南非出口管理决议案:y
246,党派:democrat,残疾人婴幼儿法案:n,水项目费用分摊:n,预算决议案:y,医生费用冻结议案:n,萨尔瓦多援助:y,校园宗教团体决议:n,反卫星禁试决议:y,援助尼加拉瓜反政府:y,MX导弹议案:y,移民决议案:n,合成燃料公司削减决议:n,教育支出决议:n,超级基金起诉权:n,犯罪决议案:y,免税出口决议案:?,南非出口管理决议案:y
247,党派:republican,残疾人婴幼儿法案:n,水项目费用分摊:y,预算决议案:n,医生费用冻结议案:y,萨尔瓦多援助:y,校园宗教团体决议:y,反卫星禁试决议:?,援助尼加拉瓜反政府:n,MX导弹议案:n,移民决议案:n,合成燃料公司削减决议:n,教育支出决议:?,超级基金起诉权:y,犯罪决议案:y,免税出口决议案:n,南非出口管理决议案:n
248,党派:republican,残疾人婴幼儿法案:?,水项目费用分摊:?,预算决议案:?,医生费用冻结议案:?,萨尔瓦多援助:?,校园宗教团体决议:?,反卫星禁试决议:?,援助尼加拉瓜反政府:?,MX导弹议案:?,移民决议案:?,合成燃料公司削减决议:?,教育支出决议:?,超级基金起诉权:?,犯罪决议案:?,免税出口决议案:?,南非出口管理决议案:?
249,党派:democrat,残疾人婴幼儿法案:y,水项目费用分摊:n,预算决议案:y,医生费用冻结议案:n,萨尔瓦多援助:n,校园宗教团体决议:n,反卫星禁试决议:y,援助尼加拉瓜反政府:y,MX导弹议案:?,移民决议案:n,合成燃料公司削减决议:y,教育支出决议:n,超级基金起诉权:n,犯罪决议案:n,免税出口决议案:y,南非出口管理决议案:y
250,党派:republican,残疾人婴幼儿法案:n,水项目费用分摊:y,预算决议案:n,医生费用冻结议案:y,萨尔瓦多援助:y,校园宗教团体决议:y,反卫星禁试决议:n,援助尼加拉瓜反政府:n,MX导弹议案:n,移民决议案:n,合成燃料公司削减决议:n,教育支出决议:y,超级基金起诉权:y,犯罪决议案:y,免税出口决议案:n,南非出口管理决议案:n
251,党派:republican,残疾人婴幼儿法案:n,水项目费用分摊:y,预算决议案:n,医生费用冻结议案:y,萨尔瓦多援助:y,校园宗教团体决议:y,反卫星禁试决议:n,援助尼加拉瓜反政府:n,MX导弹议案:n,移民决议案:n,合成燃料公司削减决议:n,教育支出决议:y,超级基金起诉权:y,犯罪决议案:y,免税出口决议案:n,南非出口管理决议案:n
252,党派:democrat,残疾人婴幼儿法案:y,水项目费用分摊:y,预算决议案:y,医生费用冻结议案:n,萨尔瓦多援助:n,校园宗教团体决议:y,反卫星禁试决议:y,援助尼加拉瓜反政府:y,MX导弹议案:y,移民决议案:n,合成燃料公司削减决议:n,教育支出决议:n,超级基金起诉权:n,犯罪决议案:n,免税出口决议案:y,南非出口管理决议案:y
253,党派:republican,残疾人婴幼儿法案:n,水项目费用分摊:y,预算决议案:n,医生费用冻结议案:y,萨尔瓦多援助:y,校园宗教团体决议:y,反卫星禁试决议:n,援助尼加拉瓜反政府:n,MX导弹议案:n,移民决议案:n,合成燃料公司削减决议:n,教育支出决议:y,超级基金起诉权:y,犯罪决议案:y,免税出口决议案:n,南非出口管理决议案:y
254,党派:democrat,残疾人婴幼儿法案:y,水项目费用分摊:n,预算决议案:y,医生费用冻结议案:n,萨尔瓦多援助:n,校园宗教团体决议:n,反卫星禁试决议:y,援助尼加拉瓜反政府:y,MX导弹议案:y,移民决议案:y,合成燃料公司削减决议:n,教育支出决议:n,超级基金起诉权:n,犯罪决议案:n,免税出口决议案:n,南非出口管理决议案:y
255,党派:democrat,残疾人婴幼儿法案:y,水项目费用分摊:n,预算决议案:y,医生费用冻结议案:n,萨尔瓦多援助:n,校园宗教团体决议:n,反卫星禁试决议:y,援助尼加拉瓜反政府:y,MX导弹议案:y,移民决议案:y,合成燃料公司削减决议:n,教育支出决议:n,超级基金起诉权:n,犯罪决议案:y,免税出口决议案:y,南非出口管理决议案:y
256,党派:republican,残疾人婴幼儿法案:n,水项目费用分摊:n,预算决议案:n,医生费用冻结议案:y,萨尔瓦多援助:y,校园宗教团体决议:n,反卫星禁试决议:n,援助尼加拉瓜反政府:n,MX导弹议案:n,移民决议案:n,合成燃料公司削减决议:n,教育支出决议:y,超级基金起诉权:n,犯罪决议案:y,免税出口决议案:n,南非出口管理决议案:n
257,党派:republican,残疾人婴幼儿法案:n,水项目费用分摊:n,预算决议案:n,医生费用冻结议案:y,萨尔瓦多援助:y,校园宗教团体决议:n,反卫星禁试决议:n,援助尼加拉瓜反政府:n,MX导弹议案:n,移民决议案:n,合成燃料公司削减决议:n,教育支出决议:y,超级基金起诉权:n,犯罪决议案:y,免税出口决议案:?,南非出口管理决议案:y
258,党派:democrat,残疾人婴幼儿法案:n,水项目费用分摊:n,预算决议案:y,医生费用冻结议案:n,萨尔瓦多援助:n,校园宗教团体决议:n,反卫星禁试决议:y,援助尼加拉瓜反政府:y,MX导弹议案:y,移民决议案:n,合成燃料公司削减决议:y,教育支出决议:n,超级基金起诉权:n,犯罪决议案:n,免税出口决议案:y,南非出口管理决议案:y
259,党派:democrat,残疾人婴幼儿法案:y,水项目费用分摊:n,预算决议案:y,医生费用冻结议案:n,萨尔瓦多援助:n,校园宗教团体决议:n,反卫星禁试决议:y,援助尼加拉瓜反政府:y,MX导弹议案:y,移民决议案:n,合成燃料公司削减决议:n,教育支出决议:n,超级基金起诉权:n,犯罪决议案:n,免税出口决议案:n,南非出口管理决议案:y
260,党派:democrat,残疾人婴幼儿法案:y,水项目费用分摊:n,预算决议案:y,医生费用冻结议案:n,萨尔瓦多援助:n,校园宗教团体决议:n,反卫星禁试决议:y,援助尼加拉瓜反政府:y,MX导弹议案:y,移民决议案:y,合成燃料公司削减决议:n,教育支出决议:n,超级基金起诉权:n,犯罪决议案:n,免税出口决议案:n,南非出口管理决议案:y
261,党派:democrat,残疾人婴幼儿法案:y,水项目费用分摊:n,预算决议案:y,医生费用冻结议案:n,萨尔瓦多援助:n,校园宗教团体决议:?,反卫星禁试决议:y,援助尼加拉瓜反政府:y,MX导弹议案:y,移民决议案:n,合成燃料公司削减决议:?,教育支出决议:?,超级基金起诉权:n,犯罪决议案:?,免税出口决议案:?,南非出口管理决议案:?
262,党派:democrat,残疾人婴幼儿法案:y,水项目费用分摊:n,预算决议案:y,医生费用冻结议案:n,萨尔瓦多援助:n,校园宗教团体决议:n,反卫星禁试决议:y,援助尼加拉瓜反政府:y,MX导弹议案:y,移民决议案:y,合成燃料公司削减决议:n,教育支出决议:n,超级基金起诉权:?,犯罪决议案:n,免税出口决议案:y,南非出口管理决议案:y
263,党派:democrat,残疾人婴幼儿法案:y,水项目费用分摊:n,预算决议案:y,医生费用冻结议案:n,萨尔瓦多援助:n,校园宗教团体决议:n,反卫星禁试决议:y,援助尼加拉瓜反政府:y,MX导弹议案:y,移民决议案:n,合成燃料公司削减决议:n,教育支出决议:n,超级基金起诉权:n,犯罪决议案:n,免税出口决议案:y,南非出口管理决议案:?
264,党派:democrat,残疾人婴幼儿法案:y,水项目费用分摊:n,预算决议案:y,医生费用冻结议案:n,萨尔瓦多援助:n,校园宗教团体决议:n,反卫星禁试决议:y,援助尼加拉瓜反政府:y,MX导弹议案:y,移民决议案:n,合成燃料公司削减决议:n,教育支出决议:n,超级基金起诉权:n,犯罪决议案:n,免税出口决议案:y,南非出口管理决议案:?
265,党派:democrat,残疾人婴幼儿法案:y,水项目费用分摊:n,预算决议案:y,医生费用冻结议案:n,萨尔瓦多援助:n,校园宗教团体决议:n,反卫星禁试决议:y,援助尼加拉瓜反政府:y,MX导弹议案:y,移民决议案:y,合成燃料公司削减决议:n,教育支出决议:n,超级基金起诉权:n,犯罪决议案:n,免税出口决议案:n,南非出口管理决议案:y
266,党派:republican,残疾人婴幼儿法案:n,水项目费用分摊:n,预算决议案:n,医生费用冻结议案:y,萨尔瓦多援助:y,校园宗教团体决议:y,反卫星禁试决议:n,援助尼加拉瓜反政府:n,MX导弹议案:n,移民决议案:y,合成燃料公司削减决议:n,教育支出决议:y,超级基金起诉权:n,犯罪决议案:y,免税出口决议案:n,南非出口管理决议案:y
267,党派:republican,残疾人婴幼儿法案:y,水项目费用分摊:n,预算决议案:n,医生费用冻结议案:n,萨尔瓦多援助:n,校园宗教团体决议:n,反卫星禁试决议:y,援助尼加拉瓜反政府:y,MX导弹议案:y,移民决议案:y,合成燃料公司削减决议:n,教育支出决议:n,超级基金起诉权:n,犯罪决议案:y,免税出口决议案:n,南非出口管理决议案:y
268,党派:democrat,残疾人婴幼儿法案:y,水项目费用分摊:n,预算决议案:y,医生费用冻结议案:n,萨尔瓦多援助:n,校园宗教团体决议:n,反卫星禁试决议:y,援助尼加拉瓜反政府:y,MX导弹议案:y,移民决议案:n,合成燃料公司削减决议:n,教育支出决议:n,超级基金起诉权:n,犯罪决议案:n,免税出口决议案:y,南非出口管理决议案:?
269,党派:democrat,残疾人婴幼儿法案:y,水项目费用分摊:n,预算决议案:y,医生费用冻结议案:n,萨尔瓦多援助:n,校园宗教团体决议:n,反卫星禁试决议:y,援助尼加拉瓜反政府:y,MX导弹议案:y,移民决议案:n,合成燃料公司削减决议:n,教育支出决议:n,超级基金起诉权:n,犯罪决议案:n,免税出口决议案:n,南非出口管理决议案:y
270,党派:democrat,残疾人婴幼儿法案:y,水项目费用分摊:y,预算决议案:y,医生费用冻结议案:n,萨尔瓦多援助:n,校园宗教团体决议:n,反卫星禁试决议:y,援助尼加拉瓜反政府:y,MX导弹议案:y,移民决议案:n,合成燃料公司削减决议:n,教育支出决议:n,超级基金起诉权:n,犯罪决议案:n,免税出口决议案:y,南非出口管理决议案:y
271,党派:democrat,残疾人婴幼儿法案:n,水项目费用分摊:y,预算决议案:y,医生费用冻结议案:n,萨尔瓦多援助:n,校园宗教团体决议:y,反卫星禁试决议:y,援助尼加拉瓜反政府:y,MX导弹议案:y,移民决议案:n,合成燃料公司削减决议:?,教育支出决议:n,超级基金起诉权:n,犯罪决议案:n,免税出口决议案:n,南非出口管理决议案:y
272,党派:democrat,残疾人婴幼儿法案:y,水项目费用分摊:n,预算决议案:y,医生费用冻结议案:n,萨尔瓦多援助:n,校园宗教团体决议:n,反卫星禁试决议:y,援助尼加拉瓜反政府:y,MX导弹议案:y,移民决议案:y,合成燃料公司削减决议:n,教育支出决议:n,超级基金起诉权:n,犯罪决议案:n,免税出口决议案:y,南非出口管理决议案:?
273,党派:republican,残疾人婴幼儿法案:n,水项目费用分摊:n,预算决议案:n,医生费用冻结议案:y,萨尔瓦多援助:y,校园宗教团体决议:n,反卫星禁试决议:y,援助尼加拉瓜反政府:y,MX导弹议案:n,移民决议案:y,合成燃料公司削减决议:n,教育支出决议:y,超级基金起诉权:y,犯罪决议案:y,免税出口决议案:?,南非出口管理决议案:y
274,党派:republican,残疾人婴幼儿法案:y,水项目费用分摊:n,预算决议案:n,医生费用冻结议案:y,萨尔瓦多援助:y,校园宗教团体决议:n,反卫星禁试决议:y,援助尼加拉瓜反政府:n,MX导弹议案:n,移民决议案:y,合成燃料公司削减决议:n,教育支出决议:n,超级基金起诉权:n,犯罪决议案:y,免税出口决议案:y,南非出口管理决议案:y
275,党派:democrat,残疾人婴幼儿法案:n,水项目费用分摊:n,预算决议案:y,医生费用冻结议案:n,萨尔瓦多援助:y,校园宗教团体决议:y,反卫星禁试决议:n,援助尼加拉瓜反政府:n,MX导弹议案:n,移民决议案:n,合成燃料公司削减决议:?,教育支出决议:n,超级基金起诉权:y,犯罪决议案:y,免税出口决议案:n,南非出口管理决议案:n
276,党派:republican,残疾人婴幼儿法案:n,水项目费用分摊:n,预算决议案:n,医生费用冻结议案:y,萨尔瓦多援助:y,校园宗教团体决议:y,反卫星禁试决议:n,援助尼加拉瓜反政府:n,MX导弹议案:n,移民决议案:n,合成燃料公司削减决议:n,教育支出决议:y,超级基金起诉权:y,犯罪决议案:y,免税出口决议案:y,南非出口管理决议案:n
277,党派:republican,残疾人婴幼儿法案:n,水项目费用分摊:n,预算决议案:y,医生费用冻结议案:y,萨尔瓦多援助:y,校园宗教团体决议:y,反卫星禁试决议:y,援助尼加拉瓜反政府:y,MX导弹议案:n,移民决议案:y,合成燃料公司削减决议:n,教育支出决议:n,超级基金起诉权:n,犯罪决议案:y,免税出口决议案:n,南非出口管理决议案:y
278,党派:republican,残疾人婴幼儿法案:n,水项目费用分摊:n,预算决议案:n,医生费用冻结议案:y,萨尔瓦多援助:y,校园宗教团体决议:y,反卫星禁试决议:n,援助尼加拉瓜反政府:n,MX导弹议案:n,移民决议案:n,合成燃料公司削减决议:n,教育支出决议:y,超级基金起诉权:y,犯罪决议案:y,免税出口决议案:n,南非出口管理决议案:y
279,党派:republican,残疾人婴幼儿法案:n,水项目费用分摊:n,预算决议案:n,医生费用冻结议案:y,萨尔瓦多援助:y,校园宗教团体决议:y,反卫星禁试决议:n,援助尼加拉瓜反政府:n,MX导弹议案:n,移民决议案:y,合成燃料公司削减决议:n,教育支出决议:y,超级基金起诉权:y,犯罪决议案:y,免税出口决议案:n,南非出口管理决议案:n
280,党派:democrat,残疾人婴幼儿法案:n,水项目费用分摊:n,预算决议案:y,医生费用冻结议案:n,萨尔瓦多援助:n,校园宗教团体决议:n,反卫星禁试决议:y,援助尼加拉瓜反政府:y,MX导弹议案:y,移民决议案:y,合成燃料公司削减决议:n,教育支出决议:n,超级基金起诉权:n,犯罪决议案:y,免税出口决议案:n,南非出口管理决议案:y
281,党派:republican,残疾人婴幼儿法案:y,水项目费用分摊:n,预算决议案:y,医生费用冻结议案:y,萨尔瓦多援助:y,校园宗教团体决议:y,反卫星禁试决议:y,援助尼加拉瓜反政府:y,MX导弹议案:n,移民决议案:n,合成燃料公司削减决议:n,教育支出决议:n,超级基金起诉权:n,犯罪决议案:y,免税出口决议案:n,南非出口管理决议案:?
282,党派:republican,残疾人婴幼儿法案:y,水项目费用分摊:n,预算决议案:n,医生费用冻结议案:y,萨尔瓦多援助:y,校园宗教团体决议:y,反卫星禁试决议:n,援助尼加拉瓜反政府:n,MX导弹议案:n,移民决议案:y,合成燃料公司削减决议:n,教育支出决议:?,超级基金起诉权:y,犯罪决议案:y,免税出口决议案:n,南非出口管理决议案:n
283,党派:republican,残疾人婴幼儿法案:n,水项目费用分摊:n,预算决议案:n,医生费用冻结议案:y,萨尔瓦多援助:y,校园宗教团体决议:y,反卫星禁试决议:n,援助尼加拉瓜反政府:n,MX导弹议案:n,移民决议案:n,合成燃料公司削减决议:n,教育支出决议:y,超级基金起诉权:y,犯罪决议案:y,免税出口决议案:n,南非出口管理决议案:y
284,党派:democrat,残疾人婴幼儿法案:n,水项目费用分摊:n,预算决议案:y,医生费用冻结议案:n,萨尔瓦多援助:n,校园宗教团体决议:y,反卫星禁试决议:y,援助尼加拉瓜反政府:y,MX导弹议案:y,移民决议案:y,合成燃料公司削减决议:y,教育支出决议:n,超级基金起诉权:n,犯罪决议案:n,免税出口决议案:?,南非出口管理决议案:y
285,党派:democrat,残疾人婴幼儿法案:n,水项目费用分摊:n,预算决议案:y,医生费用冻结议案:n,萨尔瓦多援助:n,校园宗教团体决议:y,反卫星禁试决议:y,援助尼加拉瓜反政府:y,MX导弹议案:y,移民决议案:y,合成燃料公司削减决议:y,教育支出决议:n,超级基金起诉权:n,犯罪决议案:n,免税出口决议案:y,南非出口管理决议案:y
286,党派:democrat,残疾人婴幼儿法案:n,水项目费用分摊:n,预算决议案:y,医生费用冻结议案:n,萨尔瓦多援助:n,校园宗教团体决议:y,反卫星禁试决议:?,援助尼加拉瓜反政府:y,MX导弹议案:?,移民决议案:y,合成燃料公司削减决议:y,教育支出决议:y,超级基金起诉权:n,犯罪决议案:y,免税出口决议案:y,南非出口管理决议案:?
287,党派:democrat,残疾人婴幼儿法案:y,水项目费用分摊:y,预算决议案:y,医生费用冻结议案:?,萨尔瓦多援助:n,校园宗教团体决议:y,反卫星禁试决议:y,援助尼加拉瓜反政府:y,MX导弹议案:y,移民决议案:n,合成燃料公司削减决议:y,教育支出决议:n,超级基金起诉权:y,犯罪决议案:n,免税出口决议案:?,南非出口管理决议案:y
288,党派:democrat,残疾人婴幼儿法案:y,水项目费用分摊:y,预算决议案:y,医生费用冻结议案:n,萨尔瓦多援助:y,校园宗教团体决议:y,反卫星禁试决议:n,援助尼加拉瓜反政府:y,MX导弹议案:n,移民决议案:y,合成燃料公司削减决议:y,教育支出决议:n,超级基金起诉权:y,犯罪决议案:y,免税出口决议案:y,南非出口管理决议案:y
289,党派:democrat,残疾人婴幼儿法案:y,水项目费用分摊:y,预算决议案:y,医生费用冻结议案:n,萨尔瓦多援助:y,校园宗教团体决议:y,反卫星禁试决议:n,援助尼加拉瓜反政府:y,MX导弹议案:n,移民决议案:y,合成燃料公司削减决议:y,教育支出决议:n,超级基金起诉权:y,犯罪决议案:y,免税出口决议案:n,南非出口管理决议案:?
290,党派:democrat,残疾人婴幼儿法案:y,水项目费用分摊:n,预算决议案:y,医生费用冻结议案:n,萨尔瓦多援助:?,校园宗教团体决议:y,反卫星禁试决议:?,援助尼加拉瓜反政府:y,MX导弹议案:y,移民决议案:y,合成燃料公司削减决议:n,教育支出决议:n,超级基金起诉权:y,犯罪决议案:y,免税出口决议案:n,南非出口管理决议案:y
291,党派:democrat,残疾人婴幼儿法案:y,水项目费用分摊:n,预算决议案:y,医生费用冻结议案:n,萨尔瓦多援助:n,校园宗教团体决议:y,反卫星禁试决议:y,援助尼加拉瓜反政府:y,MX导弹议案:y,移民决议案:y,合成燃料公司削减决议:n,教育支出决议:?,超级基金起诉权:n,犯罪决议案:y,免税出口决议案:n,南非出口管理决议案:y
292,党派:democrat,残疾人婴幼儿法案:y,水项目费用分摊:n,预算决议案:y,医生费用冻结议案:n,萨尔瓦多援助:n,校园宗教团体决议:y,反卫星禁试决议:y,援助尼加拉瓜反政府:y,MX导弹议案:n,移民决议案:y,合成燃料公司削减决议:y,教育支出决议:n,超级基金起诉权:y,犯罪决议案:y,免税出口决议案:y,南非出口管理决议案:y
293,党派:democrat,残疾人婴幼儿法案:y,水项目费用分摊:y,预算决议案:y,医生费用冻结议案:n,萨尔瓦多援助:n,校园宗教团体决议:y,反卫星禁试决议:y,援助尼加拉瓜反政府:y,MX导弹议案:y,移民决议案:y,合成燃料公司削减决议:y,教育支出决议:n,超级基金起诉权:y,犯罪决议案:y,免税出口决议案:y,南非出口管理决议案:y
294,党派:democrat,残疾人婴幼儿法案:n,水项目费用分摊:y,预算决议案:y,医生费用冻结议案:n,萨尔瓦多援助:n,校园宗教团体决议:y,反卫星禁试决议:y,援助尼加拉瓜反政府:y,MX导弹议案:n,移民决议案:y,合成燃料公司削减决议:y,教育支出决议:n,超级基金起诉权:y,犯罪决议案:y,免税出口决议案:n,南非出口管理决议案:?
295,党派:republican,残疾人婴幼儿法案:n,水项目费用分摊:y,预算决议案:n,医生费用冻结议案:y,萨尔瓦多援助:y,校园宗教团体决议:y,反卫星禁试决议:?,援助尼加拉瓜反政府:?,MX导弹议案:n,移民决议案:y,合成燃料公司削减决议:n,教育支出决议:y,超级基金起诉权:?,犯罪决议案:?,免税出口决议案:?,南非出口管理决议案:?
296,党派:republican,残疾人婴幼儿法案:n,水项目费用分摊:n,预算决议案:y,医生费用冻结议案:y,萨尔瓦多援助:y,校园宗教团体决议:y,反卫星禁试决议:n,援助尼加拉瓜反政府:n,MX导弹议案:n,移民决议案:y,合成燃料公司削减决议:n,教育支出决议:y,超级基金起诉权:y,犯罪决议案:y,免税出口决议案:y,南非出口管理决议案:y
297,党派:democrat,残疾人婴幼儿法案:y,水项目费用分摊:y,预算决议案:y,医生费用冻结议案:n,萨尔瓦多援助:n,校园宗教团体决议:y,反卫星禁试决议:y,援助尼加拉瓜反政府:y,MX导弹议案:y,移民决议案:y,合成燃料公司削减决议:n,教育支出决议:n,超级基金起诉权:?,犯罪决议案:n,免税出口决议案:y,南非出口管理决议案:?
298,党派:democrat,残疾人婴幼儿法案:n,水项目费用分摊:y,预算决议案:n,医生费用冻结议案:n,萨尔瓦多援助:n,校园宗教团体决议:n,反卫星禁试决议:y,援助尼加拉瓜反政府:y,MX导弹议案:y,移民决议案:y,合成燃料公司削减决议:y,教育支出决议:n,超级基金起诉权:n,犯罪决议案:n,免税出口决议案:y,南非出口管理决议案:y
299,党派:democrat,残疾人婴幼儿法案:n,水项目费用分摊:y,预算决议案:y,医生费用冻结议案:n,萨尔瓦多援助:n,校园宗教团体决议:y,反卫星禁试决议:y,援助尼加拉瓜反政府:y,MX导弹议案:y,移民决议案:y,合成燃料公司削减决议:n,教育支出决议:n,超级基金起诉权:y,犯罪决议案:y,免税出口决议案:y,南非出口管理决议案:y
300,党派:republican,残疾人婴幼儿法案:n,水项目费用分摊:n,预算决议案:n,医生费用冻结议案:y,萨尔瓦多援助:y,校园宗教团体决议:n,反卫星禁试决议:y,援助尼加拉瓜反政府:y,MX导弹议案:y,移民决议案:y,合成燃料公司削减决议:n,教育支出决议:y,超级基金起诉权:y,犯罪决议案:y,免税出口决议案:n,南非出口管理决议案:y
301,党派:democrat,残疾人婴幼儿法案:n,水项目费用分摊:n,预算决议案:?,医生费用冻结议案:n,萨尔瓦多援助:n,校园宗教团体决议:y,反卫星禁试决议:y,援助尼加拉瓜反政府:y,MX导弹议案:y,移民决议案:n,合成燃料公司削减决议:n,教育支出决议:n,超级基金起诉权:n,犯罪决议案:n,免税出口决议案:y,南非出口管理决议案:y
302,党派:republican,残疾人婴幼儿法案:n,水项目费用分摊:n,预算决议案:n,医生费用冻结议案:y,萨尔瓦多援助:y,校园宗教团体决议:y,反卫星禁试决议:y,援助尼加拉瓜反政府:n,MX导弹议案:n,移民决议案:y,合成燃料公司削减决议:n,教育支出决议:y,超级基金起诉权:y,犯罪决议案:y,免税出口决议案:n,南非出口管理决议案:y
303,党派:republican,残疾人婴幼儿法案:n,水项目费用分摊:n,预算决议案:n,医生费用冻结议案:y,萨尔瓦多援助:y,校园宗教团体决议:y,反卫星禁试决议:n,援助尼加拉瓜反政府:n,MX导弹议案:n,移民决议案:n,合成燃料公司削减决议:n,教育支出决议:y,超级基金起诉权:y,犯罪决议案:y,免税出口决议案:n,南非出口管理决议案:n
304,党派:republican,残疾人婴幼儿法案:n,水项目费用分摊:y,预算决议案:n,医生费用冻结议案:y,萨尔瓦多援助:y,校园宗教团体决议:y,反卫星禁试决议:n,援助尼加拉瓜反政府:n,MX导弹议案:n,移民决议案:y,合成燃料公司削减决议:n,教育支出决议:y,超级基金起诉权:y,犯罪决议案:y,免税出口决议案:n,南非出口管理决议案:?
305,党派:republican,残疾人婴幼儿法案:n,水项目费用分摊:n,预算决议案:n,医生费用冻结议案:y,萨尔瓦多援助:y,校园宗教团体决议:y,反卫星禁试决议:n,援助尼加拉瓜反政府:n,MX导弹议案:n,移民决议案:y,合成燃料公司削减决议:n,教育支出决议:y,超级基金起诉权:y,犯罪决议案:y,免税出口决议案:n,南非出口管理决议案:n
306,党派:republican,残疾人婴幼儿法案:n,水项目费用分摊:n,预算决议案:n,医生费用冻结议案:y,萨尔瓦多援助:y,校园宗教团体决议:y,反卫星禁试决议:n,援助尼加拉瓜反政府:n,MX导弹议案:n,移民决议案:n,合成燃料公司削减决议:n,教育支出决议:y,超级基金起诉权:y,犯罪决议案:y,免税出口决议案:n,南非出口管理决议案:n
307,党派:democrat,残疾人婴幼儿法案:y,水项目费用分摊:n,预算决议案:y,医生费用冻结议案:n,萨尔瓦多援助:n,校园宗教团体决议:y,反卫星禁试决议:y,援助尼加拉瓜反政府:y,MX导弹议案:y,移民决议案:n,合成燃料公司削减决议:n,教育支出决议:n,超级基金起诉权:n,犯罪决议案:y,免税出口决议案:n,南非出口管理决议案:?
308,党派:republican,残疾人婴幼儿法案:n,水项目费用分摊:n,预算决议案:n,医生费用冻结议案:y,萨尔瓦多援助:y,校园宗教团体决议:y,反卫星禁试决议:n,援助尼加拉瓜反政府:n,MX导弹议案:n,移民决议案:y,合成燃料公司削减决议:n,教育支出决议:y,超级基金起诉权:y,犯罪决议案:y,免税出口决议案:n,南非出口管理决议案:n
309,党派:democrat,残疾人婴幼儿法案:y,水项目费用分摊:n,预算决议案:n,医生费用冻结议案:n,萨尔瓦多援助:n,校园宗教团体决议:y,反卫星禁试决议:y,援助尼加拉瓜反政府:y,MX导弹议案:y,移民决议案:y,合成燃料公司削减决议:n,教育支出决议:n,超级基金起诉权:n,犯罪决议案:y,免税出口决议案:y,南非出口管理决议案:y
310,党派:republican,残疾人婴幼儿法案:n,水项目费用分摊:n,预算决议案:n,医生费用冻结议案:y,萨尔瓦多援助:y,校园宗教团体决议:y,反卫星禁试决议:n,援助尼加拉瓜反政府:n,MX导弹议案:n,移民决议案:y,合成燃料公司削减决议:n,教育支出决议:y,超级基金起诉权:y,犯罪决议案:y,免税出口决议案:y,南非出口管理决议案:n
311,党派:democrat,残疾人婴幼儿法案:n,水项目费用分摊:n,预算决议案:y,医生费用冻结议案:n,萨尔瓦多援助:n,校园宗教团体决议:y,反卫星禁试决议:y,援助尼加拉瓜反政府:y,MX导弹议案:y,移民决议案:y,合成燃料公司削减决议:n,教育支出决议:n,超级基金起诉权:y,犯罪决议案:n,免税出口决议案:n,南非出口管理决议案:y
312,党派:democrat,残疾人婴幼儿法案:y,水项目费用分摊:y,预算决议案:y,医生费用冻结议案:n,萨尔瓦多援助:n,校园宗教团体决议:n,反卫星禁试决议:y,援助尼加拉瓜反政府:y,MX导弹议案:y,移民决议案:y,合成燃料公司削减决议:n,教育支出决议:n,超级基金起诉权:n,犯罪决议案:n,免税出口决议案:y,南非出口管理决议案:y
313,党派:republican,残疾人婴幼儿法案:n,水项目费用分摊:y,预算决议案:y,医生费用冻结议案:y,萨尔瓦多援助:y,校园宗教团体决议:y,反卫星禁试决议:n,援助尼加拉瓜反政府:n,MX导弹议案:n,移民决议案:y,合成燃料公司削减决议:n,教育支出决议:y,超级基金起诉权:y,犯罪决议案:y,免税出口决议案:n,南非出口管理决议案:y
314,党派:republican,残疾人婴幼儿法案:n,水项目费用分摊:y,预算决议案:n,医生费用冻结议案:y,萨尔瓦多援助:y,校园宗教团体决议:y,反卫星禁试决议:y,援助尼加拉瓜反政府:y,MX导弹议案:n,移民决议案:n,合成燃料公司削减决议:y,教育支出决议:y,超级基金起诉权:y,犯罪决议案:y,免税出口决议案:y,南非出口管理决议案:y
315,党派:republican,残疾人婴幼儿法案:n,水项目费用分摊:y,预算决议案:y,医生费用冻结议案:y,萨尔瓦多援助:y,校园宗教团体决议:y,反卫星禁试决议:y,援助尼加拉瓜反政府:?,MX导弹议案:n,移民决议案:n,合成燃料公司削减决议:n,教育支出决议:n,超级基金起诉权:?,犯罪决议案:?,免税出口决议案:y,南非出口管理决议案:?
316,党派:democrat,残疾人婴幼儿法案:n,水项目费用分摊:n,预算决议案:n,医生费用冻结议案:n,萨尔瓦多援助:n,校园宗教团体决议:y,反卫星禁试决议:n,援助尼加拉瓜反政府:y,MX导弹议案:y,移民决议案:n,合成燃料公司削减决议:y,教育支出决议:y,超级基金起诉权:y,犯罪决议案:y,免税出口决议案:y,南非出口管理决议案:n
317,党派:democrat,残疾人婴幼儿法案:y,水项目费用分摊:n,预算决议案:n,医生费用冻结议案:n,萨尔瓦多援助:n,校园宗教团体决议:n,反卫星禁试决议:y,援助尼加拉瓜反政府:y,MX导弹议案:y,移民决议案:y,合成燃料公司削减决议:n,教育支出决议:n,超级基金起诉权:n,犯罪决议案:n,免税出口决议案:y,南非出口管理决议案:y
318,党派:democrat,残疾人婴幼儿法案:n,水项目费用分摊:n,预算决议案:y,医生费用冻结议案:n,萨尔瓦多援助:n,校园宗教团体决议:n,反卫星禁试决议:y,援助尼加拉瓜反政府:y,MX导弹议案:y,移民决议案:n,合成燃料公司削减决议:n,教育支出决议:n,超级基金起诉权:n,犯罪决议案:n,免税出口决议案:y,南非出口管理决议案:?
319,党派:democrat,残疾人婴幼儿法案:y,水项目费用分摊:n,预算决议案:y,医生费用冻结议案:n,萨尔瓦多援助:n,校园宗教团体决议:n,反卫星禁试决议:y,援助尼加拉瓜反政府:y,MX导弹议案:y,移民决议案:n,合成燃料公司削减决议:n,教育支出决议:n,超级基金起诉权:n,犯罪决议案:n,免税出口决议案:y,南非出口管理决议案:?
320,党派:democrat,残疾人婴幼儿法案:n,水项目费用分摊:y,预算决议案:y,医生费用冻结议案:n,萨尔瓦多援助:n,校园宗教团体决议:y,反卫星禁试决议:n,援助尼加拉瓜反政府:y,MX导弹议案:y,移民决议案:y,合成燃料公司削减决议:n,教育支出决议:n,超级基金起诉权:y,犯罪决议案:y,免税出口决议案:n,南非出口管理决议案:y
321,党派:democrat,残疾人婴幼儿法案:y,水项目费用分摊:y,预算决议案:y,医生费用冻结议案:n,萨尔瓦多援助:n,校园宗教团体决议:n,反卫星禁试决议:y,援助尼加拉瓜反政府:y,MX导弹议案:y,移民决议案:y,合成燃料公司削减决议:n,教育支出决议:n,超级基金起诉权:y,犯罪决议案:n,免税出口决议案:n,南非出口管理决议案:y
322,党派:democrat,残疾人婴幼儿法案:y,水项目费用分摊:y,预算决议案:y,医生费用冻结议案:n,萨尔瓦多援助:?,校园宗教团体决议:y,反卫星禁试决议:n,援助尼加拉瓜反政府:?,MX导弹议案:n,移民决议案:n,合成燃料公司削减决议:y,教育支出决议:n,超级基金起诉权:y,犯罪决议案:y,免税出口决议案:n,南非出口管理决议案:?
323,党派:democrat,残疾人婴幼儿法案:y,水项目费用分摊:y,预算决议案:y,医生费用冻结议案:n,萨尔瓦多援助:y,校园宗教团体决议:y,反卫星禁试决议:n,援助尼加拉瓜反政府:y,MX导弹议案:?,移民决议案:y,合成燃料公司削减决议:n,教育支出决议:n,超级基金起诉权:y,犯罪决议案:y,免税出口决议案:n,南非出口管理决议案:?
324,党派:republican,残疾人婴幼儿法案:n,水项目费用分摊:y,预算决议案:n,医生费用冻结议案:y,萨尔瓦多援助:y,校园宗教团体决议:y,反卫星禁试决议:n,援助尼加拉瓜反政府:n,MX导弹议案:n,移民决议案:n,合成燃料公司削减决议:y,教育支出决议:y,超级基金起诉权:y,犯罪决议案:y,免税出口决议案:n,南非出口管理决议案:n
325,党派:democrat,残疾人婴幼儿法案:n,水项目费用分摊:y,预算决议案:n,医生费用冻结议案:n,萨尔瓦多援助:y,校园宗教团体决议:y,反卫星禁试决议:n,援助尼加拉瓜反政府:n,MX导弹议案:?,移民决议案:n,合成燃料公司削减决议:n,教育支出决议:y,超级基金起诉权:y,犯罪决议案:y,免税出口决议案:n,南非出口管理决议案:y
326,党派:democrat,残疾人婴幼儿法案:y,水项目费用分摊:y,预算决议案:n,医生费用冻结议案:y,萨尔瓦多援助:n,校园宗教团体决议:n,反卫星禁试决议:y,援助尼加拉瓜反政府:y,MX导弹议案:y,移民决议案:n,合成燃料公司削减决议:y,教育支出决议:n,超级基金起诉权:n,犯罪决议案:y,免税出口决议案:n,南非出口管理决议案:y
327,党派:republican,残疾人婴幼儿法案:n,水项目费用分摊:y,预算决议案:n,医生费用冻结议案:y,萨尔瓦多援助:y,校园宗教团体决议:y,反卫星禁试决议:n,援助尼加拉瓜反政府:n,MX导弹议案:n,移民决议案:n,合成燃料公司削减决议:n,教育支出决议:y,超级基金起诉权:y,犯罪决议案:y,免税出口决议案:n,南非出口管理决议案:y
328,党派:democrat,残疾人婴幼儿法案:y,水项目费用分摊:y,预算决议案:y,医生费用冻结议案:n,萨尔瓦多援助:n,校园宗教团体决议:n,反卫星禁试决议:y,援助尼加拉瓜反政府:y,MX导弹议案:y,移民决议案:n,合成燃料公司削减决议:y,教育支出决议:n,超级基金起诉权:n,犯罪决议案:n,免税出口决议案:n,南非出口管理决议案:y
329,党派:democrat,残疾人婴幼儿法案:y,水项目费用分摊:?,预算决议案:y,医生费用冻结议案:n,萨尔瓦多援助:n,校园宗教团体决议:y,反卫星禁试决议:y,援助尼加拉瓜反政府:y,MX导弹议案:y,移民决议案:y,合成燃料公司削减决议:n,教育支出决议:n,超级基金起诉权:n,犯罪决议案:n,免税出口决议案:y,南非出口管理决议案:?
330,党派:republican,残疾人婴幼儿法案:n,水项目费用分摊:y,预算决议案:n,医生费用冻结议案:y,萨尔瓦多援助:y,校园宗教团体决议:y,反卫星禁试决议:n,援助尼加拉瓜反政府:n,MX导弹议案:n,移民决议案:y,合成燃料公司削减决议:n,教育支出决议:y,超级基金起诉权:y,犯罪决议案:y,免税出口决议案:n,南非出口管理决议案:n
331,党派:democrat,残疾人婴幼儿法案:y,水项目费用分摊:?,预算决议案:y,医生费用冻结议案:n,萨尔瓦多援助:n,校园宗教团体决议:n,反卫星禁试决议:y,援助尼加拉瓜反政府:y,MX导弹议案:y,移民决议案:n,合成燃料公司削减决议:n,教育支出决议:n,超级基金起诉权:n,犯罪决议案:n,免税出口决议案:y,南非出口管理决议案:?
332,党派:democrat,残疾人婴幼儿法案:y,水项目费用分摊:n,预算决议案:y,医生费用冻结议案:n,萨尔瓦多援助:n,校园宗教团体决议:n,反卫星禁试决议:y,援助尼加拉瓜反政府:y,MX导弹议案:y,移民决议案:n,合成燃料公司削减决议:y,教育支出决议:n,超级基金起诉权:n,犯罪决议案:n,免税出口决议案:y,南非出口管理决议案:?
333,党派:democrat,残疾人婴幼儿法案:n,水项目费用分摊:n,预算决议案:y,医生费用冻结议案:n,萨尔瓦多援助:n,校园宗教团体决议:n,反卫星禁试决议:y,援助尼加拉瓜反政府:y,MX导弹议案:y,移民决议案:n,合成燃料公司削减决议:n,教育支出决议:n,超级基金起诉权:n,犯罪决议案:n,免税出口决议案:y,南非出口管理决议案:y
334,党派:democrat,残疾人婴幼儿法案:n,水项目费用分摊:y,预算决议案:y,医生费用冻结议案:n,萨尔瓦多援助:n,校园宗教团体决议:y,反卫星禁试决议:y,援助尼加拉瓜反政府:y,MX导弹议案:?,移民决议案:n,合成燃料公司削减决议:y,教育支出决议:y,超级基金起诉权:n,犯罪决议案:n,免税出口决议案:y,南非出口管理决议案:y
335,党派:republican,残疾人婴幼儿法案:n,水项目费用分摊:n,预算决议案:n,医生费用冻结议案:y,萨尔瓦多援助:y,校园宗教团体决议:y,反卫星禁试决议:n,援助尼加拉瓜反政府:n,MX导弹议案:n,移民决议案:y,合成燃料公司削减决议:y,教育支出决议:y,超级基金起诉权:y,犯罪决议案:y,免税出口决议案:n,南非出口管理决议案:?
336,党派:democrat,残疾人婴幼儿法案:n,水项目费用分摊:n,预算决议案:y,医生费用冻结议案:n,萨尔瓦多援助:n,校园宗教团体决议:y,反卫星禁试决议:y,援助尼加拉瓜反政府:y,MX导弹议案:n,移民决议案:n,合成燃料公司削减决议:y,教育支出决议:n,超级基金起诉权:n,犯罪决议案:y,免税出口决议案:?,南非出口管理决议案:y
337,党派:democrat,残疾人婴幼儿法案:y,水项目费用分摊:n,预算决议案:y,医生费用冻结议案:n,萨尔瓦多援助:n,校园宗教团体决议:n,反卫星禁试决议:y,援助尼加拉瓜反政府:y,MX导弹议案:y,移民决议案:n,合成燃料公司削减决议:n,教育支出决议:n,超级基金起诉权:n,犯罪决议案:n,免税出口决议案:y,南非出口管理决议案:y
338,党派:democrat,残疾人婴幼儿法案:y,水项目费用分摊:n,预算决议案:y,医生费用冻结议案:n,萨尔瓦多援助:n,校园宗教团体决议:n,反卫星禁试决议:y,援助尼加拉瓜反政府:y,MX导弹议案:y,移民决议案:y,合成燃料公司削减决议:n,教育支出决议:n,超级基金起诉权:n,犯罪决议案:y,免税出口决议案:y,南非出口管理决议案:y
339,党派:republican,残疾人婴幼儿法案:y,水项目费用分摊:n,预算决议案:n,医生费用冻结议案:y,萨尔瓦多援助:y,校园宗教团体决议:y,反卫星禁试决议:n,援助尼加拉瓜反政府:n,MX导弹议案:n,移民决议案:n,合成燃料公司削减决议:y,教育支出决议:y,超级基金起诉权:y,犯罪决议案:y,免税出口决议案:n,南非出口管理决议案:n
340,党派:republican,残疾人婴幼儿法案:n,水项目费用分摊:n,预算决议案:n,医生费用冻结议案:y,萨尔瓦多援助:y,校园宗教团体决议:y,反卫星禁试决议:n,援助尼加拉瓜反政府:n,MX导弹议案:n,移民决议案:y,合成燃料公司削减决议:y,教育支出决议:y,超级基金起诉权:n,犯罪决议案:y,免税出口决议案:n,南非出口管理决议案:y
341,党派:democrat,残疾人婴幼儿法案:n,水项目费用分摊:?,预算决议案:y,医生费用冻结议案:?,萨尔瓦多援助:n,校园宗教团体决议:y,反卫星禁试决议:y,援助尼加拉瓜反政府:y,MX导弹议案:y,移民决议案:y,合成燃料公司削减决议:y,教育支出决议:n,超级基金起诉权:?,犯罪决议案:?,免税出口决议案:y,南非出口管理决议案:y
342,党派:democrat,残疾人婴幼儿法案:n,水项目费用分摊:y,预算决议案:y,医生费用冻结议案:n,萨尔瓦多援助:y,校园宗教团体决议:?,反卫星禁试决议:y,援助尼加拉瓜反政府:n,MX导弹议案:n,移民决议案:y,合成燃料公司削减决议:y,教育支出决议:n,超级基金起诉权:y,犯罪决议案:n,免税出口决议案:y,南非出口管理决议案:y
343,党派:republican,残疾人婴幼儿法案:n,水项目费用分摊:n,预算决议案:n,医生费用冻结议案:y,萨尔瓦多援助:y,校园宗教团体决议:n,反卫星禁试决议:y,援助尼加拉瓜反政府:n,MX导弹议案:y,移民决议案:y,合成燃料公司削减决议:n,教育支出决议:n,超级基金起诉权:n,犯罪决议案:y,免税出口决议案:n,南非出口管理决议案:y
344,党派:democrat,残疾人婴幼儿法案:n,水项目费用分摊:n,预算决议案:y,医生费用冻结议案:n,萨尔瓦多援助:n,校园宗教团体决议:n,反卫星禁试决议:y,援助尼加拉瓜反政府:y,MX导弹议案:y,移民决议案:y,合成燃料公司削减决议:y,教育支出决议:n,超级基金起诉权:n,犯罪决议案:n,免税出口决议案:y,南非出口管理决议案:y
345,党派:republican,残疾人婴幼儿法案:n,水项目费用分摊:n,预算决议案:n,医生费用冻结议案:y,萨尔瓦多援助:y,校园宗教团体决议:y,反卫星禁试决议:y,援助尼加拉瓜反政府:n,MX导弹议案:n,移民决议案:y,合成燃料公司削减决议:n,教育支出决议:y,超级基金起诉权:n,犯罪决议案:y,免税出口决议案:y,南非出口管理决议案:y
346,党派:republican,残疾人婴幼儿法案:n,水项目费用分摊:n,预算决议案:n,医生费用冻结议案:y,萨尔瓦多援助:y,校园宗教团体决议:y,反卫星禁试决议:n,援助尼加拉瓜反政府:n,MX导弹议案:n,移民决议案:y,合成燃料公司削减决议:n,教育支出决议:y,超级基金起诉权:y,犯罪决议案:y,免税出口决议案:n,南非出口管理决议案:y
347,党派:republican,残疾人婴幼儿法案:y,水项目费用分摊:n,预算决议案:n,医生费用冻结议案:y,萨尔瓦多援助:y,校园宗教团体决议:y,反卫星禁试决议:n,援助尼加拉瓜反政府:n,MX导弹议案:n,移民决议案:y,合成燃料公司削减决议:n,教育支出决议:y,超级基金起诉权:y,犯罪决议案:y,免税出口决议案:n,南非出口管理决议案:n
348,党派:democrat,残疾人婴幼儿法案:y,水项目费用分摊:n,预算决议案:y,医生费用冻结议案:n,萨尔瓦多援助:n,校园宗教团体决议:n,反卫星禁试决议:y,援助尼加拉瓜反政府:y,MX导弹议案:y,移民决议案:y,合成燃料公司削减决议:n,教育支出决议:y,超级基金起诉权:n,犯罪决议案:n,免税出口决议案:y,南非出口管理决议案:?
349,党派:republican,残疾人婴幼儿法案:n,水项目费用分摊:y,预算决议案:y,医生费用冻结议案:y,萨尔瓦多援助:y,校园宗教团体决议:y,反卫星禁试决议:y,援助尼加拉瓜反政府:y,MX导弹议案:y,移民决议案:n,合成燃料公司削减决议:n,教育支出决议:y,超级基金起诉权:y,犯罪决议案:y,免税出口决议案:n,南非出口管理决议案:y
350,党派:democrat,残疾人婴幼儿法案:n,水项目费用分摊:y,预算决议案:n,医生费用冻结议案:n,萨尔瓦多援助:n,校园宗教团体决议:y,反卫星禁试决议:y,援助尼加拉瓜反政府:n,MX导弹议案:y,移民决议案:n,合成燃料公司削减决议:y,教育支出决议:n,超级基金起诉权:n,犯罪决议案:n,免税出口决议案:y,南非出口管理决议案:y
351,党派:republican,残疾人婴幼儿法案:n,水项目费用分摊:n,预算决议案:y,医生费用冻结议案:y,萨尔瓦多援助:y,校园宗教团体决议:y,反卫星禁试决议:y,援助尼加拉瓜反政府:y,MX导弹议案:y,移民决议案:y,合成燃料公司削减决议:n,教育支出决议:y,超级基金起诉权:y,犯罪决议案:y,免税出口决议案:y,南非出口管理决议案:y
352,党派:democrat,残疾人婴幼儿法案:n,水项目费用分摊:y,预算决议案:n,医生费用冻结议案:y,萨尔瓦多援助:n,校园宗教团体决议:y,反卫星禁试决议:y,援助尼加拉瓜反政府:y,MX导弹议案:y,移民决议案:n,合成燃料公司削减决议:y,教育支出决议:n,超级基金起诉权:y,犯罪决议案:n,免税出口决议案:y,南非出口管理决议案:?
353,党派:republican,残疾人婴幼儿法案:n,水项目费用分摊:n,预算决议案:y,医生费用冻结议案:y,萨尔瓦多援助:y,校园宗教团体决议:y,反卫星禁试决议:y,援助尼加拉瓜反政府:n,MX导弹议案:n,移民决议案:y,合成燃料公司削减决议:y,教育支出决议:y,超级基金起诉权:y,犯罪决议案:y,免税出口决议案:n,南非出口管理决议案:y
354,党派:democrat,残疾人婴幼儿法案:n,水项目费用分摊:y,预算决议案:y,医生费用冻结议案:n,萨尔瓦多援助:n,校园宗教团体决议:y,反卫星禁试决议:y,援助尼加拉瓜反政府:y,MX导弹议案:y,移民决议案:y,合成燃料公司削减决议:n,教育支出决议:?,超级基金起诉权:n,犯罪决议案:n,免税出口决议案:y,南非出口管理决议案:y
355,党派:republican,残疾人婴幼儿法案:y,水项目费用分摊:n,预算决议案:y,医生费用冻结议案:y,萨尔瓦多援助:n,校园宗教团体决议:n,反卫星禁试决议:n,援助尼加拉瓜反政府:y,MX导弹议案:y,移民决议案:y,合成燃料公司削减决议:n,教育支出决议:n,超级基金起诉权:n,犯罪决议案:y,免税出口决议案:y,南非出口管理决议案:y
356,党派:republican,残疾人婴幼儿法案:n,水项目费用分摊:n,预算决议案:n,医生费用冻结议案:y,萨尔瓦多援助:y,校园宗教团体决议:y,反卫星禁试决议:n,援助尼加拉瓜反政府:n,MX导弹议案:n,移民决议案:n,合成燃料公司削减决议:n,教育支出决议:y,超级基金起诉权:y,犯罪决议案:y,免税出口决议案:n,南非出口管理决议案:n
357,党派:republican,残疾人婴幼儿法案:n,水项目费用分摊:n,预算决议案:n,医生费用冻结议案:y,萨尔瓦多援助:y,校园宗教团体决议:y,反卫星禁试决议:n,援助尼加拉瓜反政府:n,MX导弹议案:n,移民决议案:n,合成燃料公司削减决议:n,教育支出决议:y,超级基金起诉权:y,犯罪决议案:y,免税出口决议案:n,南非出口管理决议案:n
358,党派:democrat,残疾人婴幼儿法案:y,水项目费用分摊:y,预算决议案:y,医生费用冻结议案:n,萨尔瓦多援助:n,校园宗教团体决议:y,反卫星禁试决议:y,援助尼加拉瓜反政府:y,MX导弹议案:y,移民决议案:y,合成燃料公司削减决议:y,教育支出决议:y,超级基金起诉权:y,犯罪决议案:y,免税出口决议案:n,南非出口管理决议案:?
359,党派:republican,残疾人婴幼儿法案:n,水项目费用分摊:n,预算决议案:n,医生费用冻结议案:y,萨尔瓦多援助:y,校园宗教团体决议:y,反卫星禁试决议:n,援助尼加拉瓜反政府:n,MX导弹议案:n,移民决议案:y,合成燃料公司削减决议:?,教育支出决议:y,超级基金起诉权:y,犯罪决议案:y,免税出口决议案:n,南非出口管理决议案:y
360,党派:democrat,残疾人婴幼儿法案:y,水项目费用分摊:n,预算决议案:y,医生费用冻结议案:n,萨尔瓦多援助:n,校园宗教团体决议:y,反卫星禁试决议:y,援助尼加拉瓜反政府:y,MX导弹议案:y,移民决议案:y,合成燃料公司削减决议:n,教育支出决议:n,超级基金起诉权:y,犯罪决议案:n,免税出口决议案:n,南非出口管理决议案:y
361,党派:democrat,残疾人婴幼儿法案:y,水项目费用分摊:n,预算决议案:y,医生费用冻结议案:n,萨尔瓦多援助:y,校园宗教团体决议:y,反卫星禁试决议:y,援助尼加拉瓜反政府:n,MX导弹议案:y,移民决议案:y,合成燃料公司削减决议:n,教育支出决议:n,超级基金起诉权:y,犯罪决议案:y,免税出口决议案:n,南非出口管理决议案:?
362,党派:democrat,残疾人婴幼儿法案:y,水项目费用分摊:y,预算决议案:y,医生费用冻结议案:n,萨尔瓦多援助:n,校园宗教团体决议:y,反卫星禁试决议:y,援助尼加拉瓜反政府:y,MX导弹议案:y,移民决议案:y,合成燃料公司削减决议:y,教育支出决议:y,超级基金起诉权:y,犯罪决议案:n,免税出口决议案:n,南非出口管理决议案:y
363,党派:republican,残疾人婴幼儿法案:y,水项目费用分摊:y,预算决议案:n,医生费用冻结议案:y,萨尔瓦多援助:y,校园宗教团体决议:y,反卫星禁试决议:n,援助尼加拉瓜反政府:n,MX导弹议案:n,移民决议案:y,合成燃料公司削减决议:y,教育支出决议:n,超级基金起诉权:y,犯罪决议案:n,免税出口决议案:n,南非出口管理决议案:n
364,党派:republican,残疾人婴幼儿法案:y,水项目费用分摊:y,预算决议案:n,医生费用冻结议案:y,萨尔瓦多援助:y,校园宗教团体决议:y,反卫星禁试决议:n,援助尼加拉瓜反政府:n,MX导弹议案:n,移民决议案:n,合成燃料公司削减决议:y,教育支出决议:n,超级基金起诉权:y,犯罪决议案:y,免税出口决议案:n,南非出口管理决议案:y
365,党派:democrat,残疾人婴幼儿法案:n,水项目费用分摊:y,预算决议案:n,医生费用冻结议案:n,萨尔瓦多援助:y,校园宗教团体决议:y,反卫星禁试决议:n,援助尼加拉瓜反政府:n,MX导弹议案:n,移民决议案:y,合成燃料公司削减决议:y,教育支出决议:n,超级基金起诉权:y,犯罪决议案:y,免税出口决议案:n,南非出口管理决议案:n
366,党派:democrat,残疾人婴幼儿法案:y,水项目费用分摊:n,预算决议案:y,医生费用冻结议案:n,萨尔瓦多援助:n,校园宗教团体决议:n,反卫星禁试决议:y,援助尼加拉瓜反政府:y,MX导弹议案:n,移民决议案:y,合成燃料公司削减决议:y,教育支出决议:n,超级基金起诉权:n,犯罪决议案:n,免税出口决议案:n,南非出口管理决议案:?
367,党派:democrat,残疾人婴幼儿法案:y,水项目费用分摊:y,预算决议案:y,医生费用冻结议案:n,萨尔瓦多援助:y,校园宗教团体决议:y,反卫星禁试决议:y,援助尼加拉瓜反政府:y,MX导弹议案:n,移民决议案:y,合成燃料公司削减决议:y,教育支出决议:n,超级基金起诉权:n,犯罪决议案:n,免税出口决议案:y,南非出口管理决议案:?
368,党派:democrat,残疾人婴幼儿法案:n,水项目费用分摊:y,预算决议案:y,医生费用冻结议案:n,萨尔瓦多援助:n,校园宗教团体决议:y,反卫星禁试决议:y,援助尼加拉瓜反政府:y,MX导弹议案:n,移民决议案:y,合成燃料公司削减决议:n,教育支出决议:n,超级基金起诉权:n,犯罪决议案:n,免税出口决议案:y,南非出口管理决议案:y
369,党派:republican,残疾人婴幼儿法案:n,水项目费用分摊:y,预算决议案:n,医生费用冻结议案:y,萨尔瓦多援助:y,校园宗教团体决议:y,反卫星禁试决议:n,援助尼加拉瓜反政府:n,MX导弹议案:n,移民决议案:n,合成燃料公司削减决议:n,教育支出决议:n,超级基金起诉权:y,犯罪决议案:y,免税出口决议案:n,南非出口管理决议案:y
370,党派:democrat,残疾人婴幼儿法案:y,水项目费用分摊:y,预算决议案:y,医生费用冻结议案:n,萨尔瓦多援助:?,校园宗教团体决议:y,反卫星禁试决议:y,援助尼加拉瓜反政府:y,MX导弹议案:n,移民决议案:y,合成燃料公司削减决议:?,教育支出决议:?,超级基金起诉权:n,犯罪决议案:n,免税出口决议案:y,南非出口管理决议案:y
371,党派:democrat,残疾人婴幼儿法案:y,水项目费用分摊:y,预算决议案:y,医生费用冻结议案:n,萨尔瓦多援助:?,校园宗教团体决议:n,反卫星禁试决议:y,援助尼加拉瓜反政府:y,MX导弹议案:y,移民决议案:y,合成燃料公司削减决议:n,教育支出决议:n,超级基金起诉权:n,犯罪决议案:n,免税出口决议案:y,南非出口管理决议案:?
372,党派:democrat,残疾人婴幼儿法案:n,水项目费用分摊:y,预算决议案:y,医生费用冻结议案:y,萨尔瓦多援助:y,校园宗教团体决议:y,反卫星禁试决议:n,援助尼加拉瓜反政府:n,MX导弹议案:n,移民决议案:n,合成燃料公司削减决议:y,教育支出决议:y,超级基金起诉权:?,犯罪决议案:y,免税出口决议案:n,南非出口管理决议案:n
373,党派:democrat,残疾人婴幼儿法案:n,水项目费用分摊:y,预算决议案:y,医生费用冻结议案:?,萨尔瓦多援助:y,校园宗教团体决议:y,反卫星禁试决议:n,援助尼加拉瓜反政府:y,MX导弹议案:n,移民决议案:y,合成燃料公司削减决议:?,教育支出决议:n,超级基金起诉权:y,犯罪决议案:y,免税出口决议案:?,南非出口管理决议案:y
374,党派:republican,残疾人婴幼儿法案:n,水项目费用分摊:y,预算决议案:n,医生费用冻结议案:y,萨尔瓦多援助:y,校园宗教团体决议:y,反卫星禁试决议:n,援助尼加拉瓜反政府:n,MX导弹议案:n,移民决议案:n,合成燃料公司削减决议:n,教育支出决议:y,超级基金起诉权:y,犯罪决议案:y,免税出口决议案:n,南非出口管理决议案:y
375,党派:democrat,残疾人婴幼儿法案:n,水项目费用分摊:y,预算决议案:n,医生费用冻结议案:y,萨尔瓦多援助:y,校园宗教团体决议:y,反卫星禁试决议:n,援助尼加拉瓜反政府:n,MX导弹议案:n,移民决议案:n,合成燃料公司削减决议:y,教育支出决议:y,超级基金起诉权:n,犯罪决议案:y,免税出口决议案:n,南非出口管理决议案:n
376,党派:democrat,残疾人婴幼儿法案:y,水项目费用分摊:?,预算决议案:y,医生费用冻结议案:n,萨尔瓦多援助:n,校园宗教团体决议:n,反卫星禁试决议:y,援助尼加拉瓜反政府:y,MX导弹议案:y,移民决议案:n,合成燃料公司削减决议:y,教育支出决议:n,超级基金起诉权:n,犯罪决议案:n,免税出口决议案:y,南非出口管理决议案:y
377,党派:republican,残疾人婴幼儿法案:n,水项目费用分摊:y,预算决议案:n,医生费用冻结议案:y,萨尔瓦多援助:y,校园宗教团体决议:y,反卫星禁试决议:?,援助尼加拉瓜反政府:?,MX导弹议案:n,移民决议案:n,合成燃料公司削减决议:?,教育支出决议:?,超级基金起诉权:y,犯罪决议案:?,免税出口决议案:?,南非出口管理决议案:?
378,党派:republican,残疾人婴幼儿法案:n,水项目费用分摊:n,预算决议案:n,医生费用冻结议案:y,萨尔瓦多援助:y,校园宗教团体决议:y,反卫星禁试决议:n,援助尼加拉瓜反政府:n,MX导弹议案:n,移民决议案:n,合成燃料公司削减决议:n,教育支出决议:y,超级基金起诉权:y,犯罪决议案:y,免税出口决议案:n,南非出口管理决议案:y
379,党派:republican,残疾人婴幼儿法案:n,水项目费用分摊:n,预算决议案:n,医生费用冻结议案:y,萨尔瓦多援助:y,校园宗教团体决议:y,反卫星禁试决议:n,援助尼加拉瓜反政府:n,MX导弹议案:n,移民决议案:n,合成燃料公司削减决议:n,教育支出决议:y,超级基金起诉权:y,犯罪决议案:y,免税出口决议案:n,南非出口管理决议案:y
380,党派:democrat,残疾人婴幼儿法案:y,水项目费用分摊:y,预算决议案:y,医生费用冻结议案:n,萨尔瓦多援助:n,校园宗教团体决议:y,反卫星禁试决议:?,援助尼加拉瓜反政府:y,MX导弹议案:y,移民决议案:n,合成燃料公司削减决议:y,教育支出决议:n,超级基金起诉权:y,犯罪决议案:n,免税出口决议案:y,南非出口管理决议案:y
381,党派:democrat,残疾人婴幼儿法案:y,水项目费用分摊:y,预算决议案:y,医生费用冻结议案:n,萨尔瓦多援助:y,校园宗教团体决议:y,反卫星禁试决议:y,援助尼加拉瓜反政府:y,MX导弹议案:y,移民决议案:y,合成燃料公司削减决议:y,教育支出决议:n,超级基金起诉权:y,犯罪决议案:y,免税出口决议案:n,南非出口管理决议案:?
382,党派:democrat,残疾人婴幼儿法案:y,水项目费用分摊:y,预算决议案:n,医生费用冻结议案:y,萨尔瓦多援助:y,校园宗教团体决议:y,反卫星禁试决议:n,援助尼加拉瓜反政府:n,MX导弹议案:n,移民决议案:n,合成燃料公司削减决议:y,教育支出决议:n,超级基金起诉权:y,犯罪决议案:y,免税出口决议案:n,南非出口管理决议案:?
383,党派:democrat,残疾人婴幼儿法案:y,水项目费用分摊:y,预算决议案:y,医生费用冻结议案:n,萨尔瓦多援助:y,校园宗教团体决议:y,反卫星禁试决议:n,援助尼加拉瓜反政府:y,MX导弹议案:y,移民决议案:y,合成燃料公司削减决议:y,教育支出决议:n,超级基金起诉权:n,犯罪决议案:n,免税出口决议案:n,南非出口管理决议案:y
384,党派:democrat,残疾人婴幼儿法案:y,水项目费用分摊:y,预算决议案:y,医生费用冻结议案:y,萨尔瓦多援助:y,校园宗教团体决议:y,反卫星禁试决议:n,援助尼加拉瓜反政府:n,MX导弹议案:n,移民决议案:n,合成燃料公司削减决议:y,教育支出决议:y,超级基金起诉权:y,犯罪决议案:y,免税出口决议案:n,南非出口管理决议案:y
385,党派:democrat,残疾人婴幼儿法案:y,水项目费用分摊:y,预算决议案:n,医生费用冻结议案:n,萨尔瓦多援助:y,校园宗教团体决议:y,反卫星禁试决议:n,援助尼加拉瓜反政府:n,MX导弹议案:n,移民决议案:n,合成燃料公司削减决议:y,教育支出决议:y,超级基金起诉权:y,犯罪决议案:y,免税出口决议案:y,南非出口管理决议案:n
386,党派:democrat,残疾人婴幼儿法案:n,水项目费用分摊:?,预算决议案:y,医生费用冻结议案:n,萨尔瓦多援助:y,校园宗教团体决议:y,反卫星禁试决议:n,援助尼加拉瓜反政府:y,MX导弹议案:n,移民决议案:n,合成燃料公司削减决议:y,教育支出决议:n,超级基金起诉权:n,犯罪决议案:n,免税出口决议案:n,南非出口管理决议案:?
387,党派:democrat,残疾人婴幼儿法案:y,水项目费用分摊:y,预算决议案:y,医生费用冻结议案:n,萨尔瓦多援助:y,校园宗教团体决议:y,反卫星禁试决议:n,援助尼加拉瓜反政府:y,MX导弹议案:y,移民决议案:n,合成燃料公司削减决议:y,教育支出决议:n,超级基金起诉权:n,犯罪决议案:y,免税出口决议案:n,南非出口管理决议案:?
388,党派:democrat,残疾人婴幼儿法案:n,水项目费用分摊:y,预算决议案:y,医生费用冻结议案:y,萨尔瓦多援助:y,校园宗教团体决议:y,反卫星禁试决议:n,援助尼加拉瓜反政府:n,MX导弹议案:n,移民决议案:n,合成燃料公司削减决议:n,教育支出决议:y,超级基金起诉权:y,犯罪决议案:y,免税出口决议案:n,南非出口管理决议案:?
389,党派:democrat,残疾人婴幼儿法案:y,水项目费用分摊:n,预算决议案:y,医生费用冻结议案:n,萨尔瓦多援助:n,校园宗教团体决议:n,反卫星禁试决议:y,援助尼加拉瓜反政府:y,MX导弹议案:y,移民决议案:?,合成燃料公司削减决议:y,教育支出决议:n,超级基金起诉权:n,犯罪决议案:n,免税出口决议案:y,南非出口管理决议案:?
390,党派:democrat,残疾人婴幼儿法案:?,水项目费用分摊:?,预算决议案:n,医生费用冻结议案:n,萨尔瓦多援助:?,校园宗教团体决议:y,反卫星禁试决议:?,援助尼加拉瓜反政府:n,MX导弹议案:n,移民决议案:n,合成燃料公司削减决议:y,教育支出决议:y,超级基金起诉权:n,犯罪决议案:y,免税出口决议案:n,南非出口管理决议案:?
391,党派:democrat,残疾人婴幼儿法案:y,水项目费用分摊:y,预算决议案:n,医生费用冻结议案:n,萨尔瓦多援助:n,校园宗教团体决议:n,反卫星禁试决议:n,援助尼加拉瓜反政府:y,MX导弹议案:y,移民决议案:n,合成燃料公司削减决议:y,教育支出决议:n,超级基金起诉权:n,犯罪决议案:n,免税出口决议案:y,南非出口管理决议案:n
392,党派:republican,残疾人婴幼儿法案:y,水项目费用分摊:y,预算决议案:n,医生费用冻结议案:y,萨尔瓦多援助:y,校园宗教团体决议:y,反卫星禁试决议:n,援助尼加拉瓜反政府:n,MX导弹议案:n,移民决议案:n,合成燃料公司削减决议:y,教育支出决议:y,超级基金起诉权:y,犯罪决议案:y,免税出口决议案:n,南非出口管理决议案:y
393,党派:republican,残疾人婴幼儿法案:?,水项目费用分摊:?,预算决议案:?,医生费用冻结议案:?,萨尔瓦多援助:n,校园宗教团体决议:y,反卫星禁试决议:n,援助尼加拉瓜反政府:y,MX导弹议案:y,移民决议案:n,合成燃料公司削减决议:n,教育支出决议:y,超级基金起诉权:y,犯罪决议案:n,免税出口决议案:n,南非出口管理决议案:?
394,党派:democrat,残疾人婴幼儿法案:y,水项目费用分摊:y,预算决议案:?,医生费用冻结议案:?,萨尔瓦多援助:?,校园宗教团体决议:y,反卫星禁试决议:n,援助尼加拉瓜反政府:n,MX导弹议案:n,移民决议案:n,合成燃料公司削减决议:y,教育支出决议:n,超级基金起诉权:y,犯罪决议案:n,免税出口决议案:n,南非出口管理决议案:y
395,党派:democrat,残疾人婴幼儿法案:y,水项目费用分摊:y,预算决议案:y,医生费用冻结议案:?,萨尔瓦多援助:n,校园宗教团体决议:n,反卫星禁试决议:n,援助尼加拉瓜反政府:y,MX导弹议案:n,移民决议案:n,合成燃料公司削减决议:y,教育支出决议:?,超级基金起诉权:n,犯罪决议案:n,免税出口决议案:y,南非出口管理决议案:y
396,党派:democrat,残疾人婴幼儿法案:y,水项目费用分摊:y,预算决议案:y,医生费用冻结议案:n,萨尔瓦多援助:y,校园宗教团体决议:y,反卫星禁试决议:n,援助尼加拉瓜反政府:y,MX导弹议案:n,移民决议案:n,合成燃料公司削减决议:y,教育支出决议:n,超级基金起诉权:y,犯罪决议案:n,免税出口决议案:y,南非出口管理决议案:y
397,党派:democrat,残疾人婴幼儿法案:y,水项目费用分摊:y,预算决议案:n,医生费用冻结议案:n,萨尔瓦多援助:y,校园宗教团体决议:?,反卫星禁试决议:n,援助尼加拉瓜反政府:n,MX导弹议案:n,移民决议案:n,合成燃料公司削减决议:y,教育支出决议:n,超级基金起诉权:y,犯罪决议案:y,免税出口决议案:n,南非出口管理决议案:y
398,党派:democrat,残疾人婴幼儿法案:n,水项目费用分摊:y,预算决议案:y,医生费用冻结议案:n,萨尔瓦多援助:y,校园宗教团体决议:y,反卫星禁试决议:n,援助尼加拉瓜反政府:y,MX导弹议案:n,移民决议案:n,合成燃料公司削减决议:n,教育支出决议:n,超级基金起诉权:n,犯罪决议案:n,免税出口决议案:n,南非出口管理决议案:y
399,党派:republican,残疾人婴幼儿法案:n,水项目费用分摊:y,预算决议案:n,医生费用冻结议案:y,萨尔瓦多援助:?,校园宗教团体决议:y,反卫星禁试决议:n,援助尼加拉瓜反政府:n,MX导弹议案:n,移民决议案:y,合成燃料公司削减决议:n,教育支出决议:y,超级基金起诉权:y,犯罪决议案:y,免税出口决议案:n,南非出口管理决议案:n
400,党派:republican,残疾人婴幼儿法案:n,水项目费用分摊:y,预算决议案:n,医生费用冻结议案:y,萨尔瓦多援助:y,校园宗教团体决议:y,反卫星禁试决议:n,援助尼加拉瓜反政府:?,MX导弹议案:n,移民决议案:n,合成燃料公司削减决议:?,教育支出决议:?,超级基金起诉权:?,犯罪决议案:y,免税出口决议案:n,南非出口管理决议案:?
401,党派:republican,残疾人婴幼儿法案:n,水项目费用分摊:y,预算决议案:n,医生费用冻结议案:y,萨尔瓦多援助:y,校园宗教团体决议:y,反卫星禁试决议:n,援助尼加拉瓜反政府:n,MX导弹议案:n,移民决议案:y,合成燃料公司削减决议:y,教育支出决议:y,超级基金起诉权:y,犯罪决议案:y,免税出口决议案:n,南非出口管理决议案:n
402,党派:republican,残疾人婴幼儿法案:?,水项目费用分摊:n,预算决议案:y,医生费用冻结议案:y,萨尔瓦多援助:n,校园宗教团体决议:y,反卫星禁试决议:y,援助尼加拉瓜反政府:y,MX导弹议案:y,移民决议案:y,合成燃料公司削减决议:n,教育支出决议:y,超级基金起诉权:n,犯罪决议案:y,免税出口决议案:n,南非出口管理决议案:y
403,党派:republican,残疾人婴幼儿法案:n,水项目费用分摊:y,预算决议案:n,医生费用冻结议案:y,萨尔瓦多援助:y,校园宗教团体决议:y,反卫星禁试决议:n,援助尼加拉瓜反政府:n,MX导弹议案:n,移民决议案:y,合成燃料公司削减决议:n,教育支出决议:y,超级基金起诉权:?,犯罪决议案:y,免税出口决议案:n,南非出口管理决议案:n
404,党派:republican,残疾人婴幼儿法案:y,水项目费用分摊:y,预算决议案:n,医生费用冻结议案:y,萨尔瓦多援助:y,校园宗教团体决议:y,反卫星禁试决议:n,援助尼加拉瓜反政府:n,MX导弹议案:n,移民决议案:y,合成燃料公司削减决议:n,教育支出决议:y,超级基金起诉权:y,犯罪决议案:y,免税出口决议案:n,南非出口管理决议案:y
405,党派:republican,残疾人婴幼儿法案:n,水项目费用分摊:n,预算决议案:n,医生费用冻结议案:y,萨尔瓦多援助:y,校园宗教团体决议:y,反卫星禁试决议:n,援助尼加拉瓜反政府:n,MX导弹议案:n,移民决议案:n,合成燃料公司削减决议:n,教育支出决议:y,超级基金起诉权:y,犯罪决议案:y,免税出口决议案:n,南非出口管理决议案:y
406,党派:democrat,残疾人婴幼儿法案:y,水项目费用分摊:n,预算决议案:y,医生费用冻结议案:n,萨尔瓦多援助:y,校园宗教团体决议:y,反卫星禁试决议:n,援助尼加拉瓜反政府:n,MX导弹议案:y,移民决议案:y,合成燃料公司削减决议:n,教育支出决议:n,超级基金起诉权:y,犯罪决议案:y,免税出口决议案:n,南非出口管理决议案:y
407,党派:democrat,残疾人婴幼儿法案:n,水项目费用分摊:n,预算决议案:n,医生费用冻结议案:y,萨尔瓦多援助:y,校园宗教团体决议:y,反卫星禁试决议:n,援助尼加拉瓜反政府:n,MX导弹议案:n,移民决议案:n,合成燃料公司削减决议:y,教育支出决议:y,超级基金起诉权:y,犯罪决议案:y,免税出口决议案:n,南非出口管理决议案:n
408,党派:democrat,残疾人婴幼儿法案:y,水项目费用分摊:n,预算决议案:y,医生费用冻结议案:n,萨尔瓦多援助:n,校园宗教团体决议:y,反卫星禁试决议:y,援助尼加拉瓜反政府:y,MX导弹议案:y,移民决议案:n,合成燃料公司削减决议:n,教育支出决议:y,超级基金起诉权:?,犯罪决议案:y,免税出口决议案:y,南非出口管理决议案:y
409,党派:republican,残疾人婴幼儿法案:n,水项目费用分摊:n,预算决议案:n,医生费用冻结议案:y,萨尔瓦多援助:y,校园宗教团体决议:y,反卫星禁试决议:n,援助尼加拉瓜反政府:n,MX导弹议案:n,移民决议案:n,合成燃料公司削减决议:n,教育支出决议:y,超级基金起诉权:y,犯罪决议案:y,免税出口决议案:n,南非出口管理决议案:n
410,党派:republican,残疾人婴幼儿法案:n,水项目费用分摊:n,预算决议案:n,医生费用冻结议案:y,萨尔瓦多援助:y,校园宗教团体决议:y,反卫星禁试决议:n,援助尼加拉瓜反政府:n,MX导弹议案:n,移民决议案:n,合成燃料公司削减决议:y,教育支出决议:y,超级基金起诉权:y,犯罪决议案:y,免税出口决议案:n,南非出口管理决议案:y
411,党派:democrat,残疾人婴幼儿法案:y,水项目费用分摊:n,预算决议案:y,医生费用冻结议案:n,萨尔瓦多援助:n,校园宗教团体决议:y,反卫星禁试决议:y,援助尼加拉瓜反政府:y,MX导弹议案:y,移民决议案:y,合成燃料公司削减决议:y,教育支出决议:n,超级基金起诉权:n,犯罪决议案:n,免税出口决议案:n,南非出口管理决议案:y
412,党派:republican,残疾人婴幼儿法案:n,水项目费用分摊:n,预算决议案:n,医生费用冻结议案:y,萨尔瓦多援助:y,校园宗教团体决议:y,反卫星禁试决议:n,援助尼加拉瓜反政府:n,MX导弹议案:n,移民决议案:y,合成燃料公司削减决议:n,教育支出决议:y,超级基金起诉权:y,犯罪决议案:y,免税出口决议案:n,南非出口管理决议案:y
413,党派:republican,残疾人婴幼儿法案:y,水项目费用分摊:y,预算决议案:y,医生费用冻结议案:y,萨尔瓦多援助:y,校园宗教团体决议:y,反卫星禁试决议:y,援助尼加拉瓜反政府:y,MX导弹议案:n,移民决议案:y,合成燃料公司削减决议:?,教育支出决议:?,超级基金起诉权:?,犯罪决议案:y,免税出口决议案:n,南非出口管理决议案:y
414,党派:democrat,残疾人婴幼儿法案:y,水项目费用分摊:y,预算决议案:y,医生费用冻结议案:n,萨尔瓦多援助:n,校园宗教团体决议:n,反卫星禁试决议:y,援助尼加拉瓜反政府:y,MX导弹议案:y,移民决议案:n,合成燃料公司削减决议:n,教育支出决议:n,超级基金起诉权:n,犯罪决议案:n,免税出口决议案:n,南非出口管理决议案:y
415,党派:democrat,残疾人婴幼儿法案:n,水项目费用分摊:y,预算决议案:y,医生费用冻结议案:n,萨尔瓦多援助:n,校园宗教团体决议:y,反卫星禁试决议:y,援助尼加拉瓜反政府:y,MX导弹议案:?,移民决议案:y,合成燃料公司削减决议:n,教育支出决议:n,超级基金起诉权:n,犯罪决议案:n,免税出口决议案:n,南非出口管理决议案:y
416,党派:republican,残疾人婴幼儿法案:y,水项目费用分摊:y,预算决议案:n,医生费用冻结议案:y,萨尔瓦多援助:y,校园宗教团体决议:y,反卫星禁试决议:n,援助尼加拉瓜反政府:n,MX导弹议案:n,移民决议案:y,合成燃料公司削减决议:n,教育支出决议:n,超级基金起诉权:y,犯罪决议案:y,免税出口决议案:n,南非出口管理决议案:y
417,党派:democrat,残疾人婴幼儿法案:y,水项目费用分摊:y,预算决议案:y,医生费用冻结议案:n,萨尔瓦多援助:n,校园宗教团体决议:n,反卫星禁试决议:y,援助尼加拉瓜反政府:y,MX导弹议案:y,移民决议案:y,合成燃料公司削减决议:y,教育支出决议:n,超级基金起诉权:y,犯罪决议案:n,免税出口决议案:n,南非出口管理决议案:y
418,党派:democrat,残疾人婴幼儿法案:y,水项目费用分摊:y,预算决议案:y,医生费用冻结议案:n,萨尔瓦多援助:n,校园宗教团体决议:n,反卫星禁试决议:y,援助尼加拉瓜反政府:y,MX导弹议案:n,移民决议案:y,合成燃料公司削减决议:n,教育支出决议:n,超级基金起诉权:n,犯罪决议案:n,免税出口决议案:n,南非出口管理决议案:y
419,党派:democrat,残疾人婴幼儿法案:y,水项目费用分摊:y,预算决议案:y,医生费用冻结议案:n,萨尔瓦多援助:n,校园宗教团体决议:n,反卫星禁试决议:y,援助尼加拉瓜反政府:y,MX导弹议案:y,移民决议案:n,合成燃料公司削减决议:n,教育支出决议:n,超级基金起诉权:n,犯罪决议案:n,免税出口决议案:n,南非出口管理决议案:y
420,党派:republican,残疾人婴幼儿法案:y,水项目费用分摊:y,预算决议案:y,医生费用冻结议案:y,萨尔瓦多援助:y,校园宗教团体决议:y,反卫星禁试决议:y,援助尼加拉瓜反政府:y,MX导弹议案:n,移民决议案:y,合成燃料公司削减决议:n,教育支出决议:n,超级基金起诉权:y,犯罪决议案:y,免税出口决议案:n,南非出口管理决议案:y
421,党派:democrat,残疾人婴幼儿法案:n,水项目费用分摊:y,预算决议案:y,医生费用冻结议案:n,萨尔瓦多援助:y,校园宗教团体决议:y,反卫星禁试决议:y,援助尼加拉瓜反政府:y,MX导弹议案:n,移民决议案:n,合成燃料公司削减决议:y,教育支出决议:n,超级基金起诉权:y,犯罪决议案:n,免税出口决议案:y,南非出口管理决议案:y
422,党派:democrat,残疾人婴幼儿法案:n,水项目费用分摊:n,预算决议案:y,医生费用冻结议案:n,萨尔瓦多援助:n,校园宗教团体决议:y,反卫星禁试决议:y,援助尼加拉瓜反政府:y,MX导弹议案:y,移民决议案:n,合成燃料公司削减决议:y,教育支出决议:n,超级基金起诉权:n,犯罪决议案:n,免税出口决议案:y,南非出口管理决议案:y
423,党派:democrat,残疾人婴幼儿法案:n,水项目费用分摊:y,预算决议案:y,医生费用冻结议案:n,萨尔瓦多援助:n,校园宗教团体决议:y,反卫星禁试决议:y,援助尼加拉瓜反政府:y,MX导弹议案:y,移民决议案:n,合成燃料公司削减决议:y,教育支出决议:n,超级基金起诉权:n,犯罪决议案:y,免税出口决议案:y,南非出口管理决议案:y
424,党派:democrat,残疾人婴幼儿法案:n,水项目费用分摊:y,预算决议案:y,医生费用冻结议案:n,萨尔瓦多援助:n,校园宗教团体决议:?,反卫星禁试决议:y,援助尼加拉瓜反政府:y,MX导弹议案:y,移民决议案:y,合成燃料公司削减决议:y,教育支出决议:n,超级基金起诉权:?,犯罪决议案:y,免税出口决议案:y,南非出口管理决议案:y
425,党派:democrat,残疾人婴幼儿法案:n,水项目费用分摊:n,预算决议案:y,医生费用冻结议案:n,萨尔瓦多援助:n,校园宗教团体决议:n,反卫星禁试决议:y,援助尼加拉瓜反政府:y,MX导弹议案:n,移民决议案:y,合成燃料公司削减决议:y,教育支出决议:n,超级基金起诉权:n,犯罪决议案:n,免税出口决议案:y,南非出口管理决议案:?
426,党派:democrat,残疾人婴幼儿法案:y,水项目费用分摊:n,预算决议案:y,医生费用冻结议案:n,萨尔瓦多援助:n,校园宗教团体决议:n,反卫星禁试决议:y,援助尼加拉瓜反政府:y,MX导弹议案:y,移民决议案:y,合成燃料公司削减决议:n,教育支出决议:n,超级基金起诉权:n,犯罪决议案:n,免税出口决议案:y,南非出口管理决议案:y
427,党派:republican,残疾人婴幼儿法案:n,水项目费用分摊:n,预算决议案:n,医生费用冻结议案:y,萨尔瓦多援助:y,校园宗教团体决议:y,反卫星禁试决议:y,援助尼加拉瓜反政府:y,MX导弹议案:n,移民决议案:y,合成燃料公司削减决议:n,教育支出决议:y,超级基金起诉权:y,犯罪决议案:y,免税出口决议案:n,南非出口管理决议案:y
428,党派:democrat,残疾人婴幼儿法案:?,水项目费用分摊:?,预算决议案:?,医生费用冻结议案:n,萨尔瓦多援助:n,校园宗教团体决议:n,反卫星禁试决议:y,援助尼加拉瓜反政府:y,MX导弹议案:y,移民决议案:y,合成燃料公司削减决议:n,教育支出决议:n,超级基金起诉权:y,犯罪决议案:n,免税出口决议案:y,南非出口管理决议案:y
429,党派:democrat,残疾人婴幼儿法案:y,水项目费用分摊:n,预算决议案:y,医生费用冻结议案:n,萨尔瓦多援助:?,校园宗教团体决议:n,反卫星禁试决议:y,援助尼加拉瓜反政府:y,MX导弹议案:y,移民决议案:y,合成燃料公司削减决议:n,教育支出决议:y,超级基金起诉权:n,犯罪决议案:?,免税出口决议案:y,南非出口管理决议案:y
430,党派:republican,残疾人婴幼儿法案:n,水项目费用分摊:n,预算决议案:y,医生费用冻结议案:y,萨尔瓦多援助:y,校园宗教团体决议:y,反卫星禁试决议:n,援助尼加拉瓜反政府:n,MX导弹议案:y,移民决议案:y,合成燃料公司削减决议:n,教育支出决议:y,超级基金起诉权:y,犯罪决议案:y,免税出口决议案:n,南非出口管理决议案:y
431,党派:democrat,残疾人婴幼儿法案:n,水项目费用分摊:n,预算决议案:y,医生费用冻结议案:n,萨尔瓦多援助:n,校园宗教团体决议:n,反卫星禁试决议:y,援助尼加拉瓜反政府:y,MX导弹议案:y,移民决议案:y,合成燃料公司削减决议:n,教育支出决议:n,超级基金起诉权:n,犯罪决议案:n,免税出口决议案:n,南非出口管理决议案:y
432,党派:republican,残疾人婴幼儿法案:n,水项目费用分摊:?,预算决议案:n,医生费用冻结议案:y,萨尔瓦多援助:y,校园宗教团体决议:y,反卫星禁试决议:n,援助尼加拉瓜反政府:n,MX导弹议案:n,移民决议案:n,合成燃料公司削减决议:y,教育支出决议:y,超级基金起诉权:y,犯罪决议案:y,免税出口决议案:n,南非出口管理决议案:y
433,党派:republican,残疾人婴幼儿法案:n,水项目费用分摊:n,预算决议案:n,医生费用冻结议案:y,萨尔瓦多援助:y,校园宗教团体决议:y,反卫星禁试决议:?,援助尼加拉瓜反政府:?,MX导弹议案:?,移民决议案:?,合成燃料公司削减决议:n,教育支出决议:y,超级基金起诉权:y,犯罪决议案:y,免税出口决议案:n,南非出口管理决议案:y
434,党派:republican,残疾人婴幼儿法案:n,水项目费用分摊:y,预算决议案:n,医生费用冻结议案:y,萨尔瓦多援助:y,校园宗教团体决议:y,反卫星禁试决议:n,援助尼加拉瓜反政府:n,MX导弹议案:n,移民决议案:y,合成燃料公司削减决议:n,教育支出决议:y,超级基金起诉权:y,犯罪决议案:y,免税出口决议案:?,南非出口管理决议案:n
